draw,kernel.kernel_efficiency,topology.net_efficiency,parallelism.overlap_dp,parallelism.overlap_tp,reliability.failure_rate_per_node_day,reliability.detect_time_s,reliability.restart_time_s,reliability.checkpoint_write_s,reliability.straggler_cv,sea_bandwidth_2x,sea_bandwidth_4x,sea_flat_fabric,sea_scaleup_2x,sea_reliability_2x,sea_fast_detection,sea_fast_restart,sea_fast_checkpoint,sea_add_spares,sea_straggler_control,winner,winner_sea,recovery_pressure,within_validity_envelope
0,0.5012483100242368,0.8798817437836566,0.8596578032507655,0.31834524111196566,0.0087180977339662,305.21961494961823,170.73151852370856,82.321707189571,0.013365728301184737,273.19529934730235,413.06282880598155,58.40283659834313,0.0,4439.692768026271,1404.9472379905637,518.341047103062,4059.0367468151817,0.0,345.5474339833454,reliability_2x,4439.692768026271,0.18508956360744602,True
1,0.5821541161731631,0.9128610312915626,0.8051340474499452,0.207539667789027,0.014653859121644346,289.93552821986907,175.62874854258666,19.747465727956435,0.04174586314493681,384.6697965577114,582.8753864904284,91.42974667534872,0.0,6036.680166164726,2297.9243813210887,909.5825093751046,1591.2129105377644,0.0,3600.9343754449364,reliability_2x,6036.680166164726,0.19804034683357344,True
2,0.6337687770448837,0.8383643142666818,0.6576616859515756,0.32046581638635313,0.013662581571850919,371.740887241154,141.73184757184788,66.23771882361682,0.04192007686927155,779.0723409280254,1198.2486793992139,209.61541487240538,0.0,10312.327699493428,3308.5515092637615,660.0429952682971,5510.193802495283,0.0,4220.892218065608,reliability_2x,10312.327699493428,0.24814737430990622,True
3,0.5961099616281307,0.8558550616408188,0.7791279180254331,0.2613654658415444,0.012099247608400738,272.8571577295723,532.487175867498,56.31982099196838,0.04691116525357442,528.1536397894597,806.1889869498336,129.42779086999872,0.0,11882.738878963712,1889.4919417464116,3966.4346778371437,4567.228164524513,0.0,5144.327278581328,reliability_2x,11882.738878963712,0.276905718580658,False
4,0.4879405321465921,0.7869333690074148,0.6772228174083736,0.13439082280205092,0.001911100442759912,306.0234878458291,251.82578933684232,85.62900852754396,0.0365544559025722,456.2828616067927,693.4362871399535,123.0617463427443,0.0,0.0,272.1083499900451,181.57372622660114,1516.9137518228672,0.0,2445.1674253206365,straggler_control,2445.1674253206365,0.0698414353960711,True
5,0.6196562390335983,0.7616252115539868,0.7497212499798538,0.023589528145127395,0.01048050724762026,92.58752912114629,64.54883212715,81.8104953618211,0.026811710253823437,519.5245703885885,791.9246435769273,131.8320799502435,0.0,3646.8466011503115,412.70597023322625,25.33252686857304,4276.946650510414,0.0,1690.4256831521634,fast_checkpoint,4276.946650510414,0.14393572342489772,True
6,0.6377652102521852,0.9037921849639365,0.7916399658259862,0.34151168279994804,0.008238702948246935,92.95637040742506,347.40737580117974,46.55948882306714,0.02336647779373511,416.79807457644347,632.3311092766999,100.94610905262016,0.0,3120.4835090235792,310.81809114008865,1293.3224790521017,2372.474882032184,0.0,1339.3483620323677,reliability_2x,3120.4835090235792,0.14849093046656023,True
7,0.5529547476786494,0.7553813849175596,0.7897756023323305,0.04123849203204055,0.010651340548590007,33.9746266723082,610.8733460383604,50.29934239504916,0.0010474448651627334,463.44095906095026,704.9084086606381,112.30812306789448,0.0,6501.446097401604,78.15940440858685,3785.9955145385284,3298.888161703522,0.0,0.0,reliability_2x,6501.446097401604,0.22067106486291407,True
8,0.4699044302764505,0.7932624684600424,0.6750442349295964,0.05141575912752008,0.003722876111737904,211.90201761800617,107.01942243705138,60.44094677757192,0.014513079470890412,439.9633028347962,668.1003827040004,118.88288847025615,0.0,616.7492304633015,358.8461868849772,86.5755131706319,1700.0464368843059,0.0,408.17489372509226,fast_checkpoint,1700.0464368843059,0.08057837170664929,True
9,0.5514568264570027,0.7419175236032587,0.9465769643097064,0.2273862221677347,0.0108697964506305,182.29181707331705,230.69819135569003,61.41891304324831,0.020411777289759382,211.44982517696553,319.1624946894517,28.091278399686416,0.0,4991.034770571972,958.1512470551934,1010.863524658409,3622.855627687328,0.0,1074.0585560891668,reliability_2x,4991.034770571972,0.1879991244546574,True
10,0.5638824236288253,0.7420942137014999,0.7460406166042786,0.04496791345538879,0.0019468026961110864,329.52777558589133,888.2322135775311,71.27480795373951,0.03918646759754113,464.18148112524796,705.7688822230411,118.43456380409043,0.0,0.0,299.4787640101931,824.872298808521,1384.0053054431846,0.0,2784.689497992298,straggler_control,2784.689497992298,0.09456740372867974,True
11,0.5660532172940714,0.77791317125316,0.6533357700812333,0.2563992523306049,0.004046948120296166,301.7100081335033,218.92711030552158,10.954149224045532,0.04201785474011639,570.5849298626126,871.1637330985432,155.50981667127417,0.0,620.4624632437044,569.3299313348471,317.09785732737146,326.6966249774159,0.0,3012.990602868831,straggler_control,3012.990602868831,0.07074159054058711,True
12,0.6851355234392152,0.7586022739853373,0.8292657202907989,0.13489250428028307,0.010780349705695498,301.83089235685804,578.7138896202373,88.09986974471516,0.04867940049261088,560.2006389146845,855.9475411011081,126.64184295825908,0.0,12730.870529205156,1923.1867679110183,3972.254603930349,6440.0222459933575,0.0,5579.462776124743,reliability_2x,12730.870529205156,0.2897536133208062,False
13,0.485255049020492,0.7663966580238916,0.7056754849722122,0.16344089310607193,0.0028703561139854293,214.9617776385183,671.8510139360164,66.27080119602424,0.027155778375387504,453.23157643500963,688.7641084340867,119.81008228151404,0.0,311.11143879906376,280.9595411975097,913.3573553931201,1644.5582162746432,0.0,1634.2736417852284,fast_checkpoint,1644.5582162746432,0.1054768815509076,True
14,0.680122980047619,0.8186922996190608,0.6309340531533277,0.12767304619562103,0.014815460873973172,378.084964054363,379.96233935273807,39.161422061987814,0.022515927324174345,954.0422511166071,1475.9729940898433,258.04939487344745,0.0,16747.120789282417,3733.4852721721763,3247.4191275371413,4000.7960117132607,0.0,1672.0321947750272,reliability_2x,16747.120789282417,0.29147254646845,False
15,0.6305441996453438,0.7474623513954761,0.8193715071025514,0.10686659408851773,0.013169251395119866,278.95034509459464,141.90335913454547,10.366041571441365,0.011075518659887757,432.32678394806135,656.4001859577838,100.1712504277748,0.0,3906.6130845928274,1847.3475802328576,542.4262989796262,598.2131739142678,0.0,105.90588543217382,reliability_2x,3906.6130845928274,0.15653949981361548,True
16,0.6003461858662346,0.7017232847992366,0.7141786747947535,0.3254973269973135,0.01086272667368044,183.677278437158,248.9949280092696,57.56976170104951,0.017449127302284796,675.0901359583659,1034.4125605228983,175.65115287686785,0.0,5330.668583885126,1007.9480876908347,1175.1214547621676,3640.5380342171047,0.0,800.1356802784649,reliability_2x,5330.668583885126,0.18888773245048057,True
17,0.5065158283526158,0.7187356553936096,0.6106795474426808,0.3028914248461054,0.004928914098913871,237.10104092123086,811.5527248906639,26.242834955145536,0.03775672970473516,685.6369286469926,1050.744263396824,189.9987059966079,0.0,2023.6540907226263,557.7741645474125,2107.124638054367,1122.3961343688497,0.0,2967.2395288162734,straggler_control,2967.2395288162734,0.1485520994459214,True
18,0.6638082724493544,0.7325238714454844,0.8356366075859915,0.207747168476654,0.010212519291058956,240.9917874294383,375.69795983799736,50.898572106568245,0.025226197764034487,477.23829847426896,726.336541510107,106.9917487809289,0.0,5858.626734534308,1267.6010289477235,1873.5224204806254,3202.571542502781,0.0,1682.9024333061934,reliability_2x,5858.626734534308,0.20962381760744528,True
19,0.5836686251417409,0.9439226790452422,0.847063586493902,0.24743698840291556,0.00710060299751398,226.13816894063703,665.2568305143752,9.279864383840096,0.03032419067259219,298.3270613742134,451.11817918849556,65.72222460804551,0.0,2901.286736155358,734.3979034034564,2364.748148727078,357.5952001874466,0.0,2071.858891263466,reliability_2x,2901.286736155358,0.15827127606543445,True
20,0.658647458855436,0.8792954705779198,0.9216444285789495,0.30371362323858153,0.0031897813113170043,262.07249528831267,445.20493938292856,73.6610927455101,0.032400914987751155,227.14529677105747,343.0098672141212,37.4658645969721,0.0,517.1761873604992,383.1160737330538,616.9504667562032,1831.954775354494,0.0,2090.075821662802,straggler_control,2090.075821662802,0.10495830909788614,True
21,0.5493828210411145,0.7943552302800692,0.7278194282499745,0.04950343713260804,0.0075240613568462855,124.02293668589095,749.4802515299891,59.73337680822405,0.042731226940836746,532.9730826554223,813.2720393793679,137.9317014363114,0.0,4908.274118483714,422.1157640982565,3283.5820368022105,3109.506075241992,0.0,3860.722176949217,reliability_2x,4908.274118483714,0.208636574568825,True
22,0.5761369689899465,0.8516415302036097,0.7131386028768277,0.0569924834021023,0.005278152106745512,69.33728522786973,388.1128171716029,14.042127373249844,0.014315966401415981,451.5457733993644,686.1519416487354,118.67543252005635,0.0,1060.9006059607018,125.8303881082611,872.7827764961476,528.4595230353625,0.0,391.49571654907777,reliability_2x,1060.9006059607018,0.0841815611028594,True
23,0.5297708076270735,0.7483868243177978,0.9491443350624272,0.34408647106374485,0.009956840357182337,226.2680089940059,632.6392306325251,13.09354245691817,0.01897757564745004,206.73903629077176,312.0206235695696,26.646570375873125,0.0,5242.544469558503,1061.7760912885242,3336.125105897743,779.7063854921471,0.0,951.3050258600961,reliability_2x,5242.544469558503,0.2073146821064524,True
24,0.6324558933720751,0.7644386229118469,0.6218829660651863,0.1713029864542314,0.007554621273543639,236.09704382621717,721.4529909371987,28.611460672122828,0.0051827351791039426,816.216009721873,1255.9633809365514,223.55867896374912,0.0,4485.889238118678,888.397437739306,3082.662936451401,1644.9813547674785,0.0,0.0,reliability_2x,4485.889238118678,0.1969341103930942,True
25,0.615036581574886,0.8696649652512078,0.7992530765956065,0.24791902432406163,0.004155936920608972,205.09402122080792,662.2533942975692,79.37872953597011,0.03007411469455082,399.2492640844648,605.2064455991531,95.7019937781115,0.0,1485.2591719531483,396.3219607938154,1360.4489408355585,2423.115183465401,0.0,2014.8457094882542,fast_checkpoint,2423.115183465401,0.14284893442233804,True
26,0.6034478865932802,0.7719863488269862,0.9460083127718398,0.21286846245846036,0.009007613325002772,298.6970225244191,325.2008564214652,20.70008772495418,0.00684073704011241,213.31460491998223,322.00483197208814,28.516599318445515,0.0,3525.7610157352137,1305.7625733875284,1238.2644822721486,1180.4849822170872,0.0,0.0,reliability_2x,3525.7610157352137,0.16490946010174398,True
27,0.5731133264950812,0.936656526351595,0.8544174155171356,0.2776127858591302,0.011259099493229835,361.9252095491142,844.5169227639345,5.100522202276012,0.014209545755417514,338.6672009161084,512.3968069704206,73.12908589622384,0.0,9270.839572275701,2144.427177774156,5995.0740119873335,14.469561092035292,0.0,492.5088078432309,reliability_2x,9270.839572275701,0.26827824294513464,False
28,0.5637422225745713,0.7281207430682828,0.8445336858500173,0.18447104458758096,0.006661637868437022,154.38913059224387,159.31668661003152,71.57894994135383,0.04770889046170784,353.05821773434945,534.1073165345042,78.03621265028778,0.0,2201.794188455431,465.89185072127293,342.24859127737363,2834.9851823759054,0.0,3775.1507955280504,straggler_control,3775.1507955280504,0.12535159324796447,True
29,0.6213154870275758,0.9357714166224713,0.6957372569800503,0.11413572182287192,0.010714073442146014,344.96976788707826,500.2628046539841,15.865380298069168,0.00411047346779454,570.0432922219115,870.89917200329,151.05923622628325,0.0,6396.447469404178,1976.013527957788,2812.8254202420685,1093.3246911816968,0.0,0.0,reliability_2x,6396.447469404178,0.22092527369304613,True
30,0.4838214895300702,0.7213965842414043,0.6743744460657143,0.03924065838569524,0.005549615598948832,302.558160309322,864.342859688214,84.46721107513703,0.021100334219605516,595.897003051854,910.9091918526392,160.07172688624996,0.0,3795.2513148601793,870.6369594001408,2764.1465142255365,3420.1091331096504,0.0,1234.5803773458501,reliability_2x,3795.2513148601793,0.20858582465811396,True
31,0.5355551449372368,0.7460093719748198,0.9483386492771453,0.12828076335005265,0.009114150277487989,208.9234711484741,356.08778207632946,6.025230982082679,0.001416613893244506,183.94269510929007,277.3756889612123,23.962701770284184,0.0,2595.548082597499,842.8213759155515,1359.5901568006266,102.40123323300213,0.0,0.0,reliability_2x,2595.548082597499,0.13430500748559465,True
32,0.4723065488607349,0.8352634084256811,0.7678334480519944,0.3089861059218862,0.002860725933325474,344.4805232156616,327.7184520907425,89.88981978809424,0.018471054724563365,341.6214615164754,516.6851346669755,85.54684121867467,0.0,285.3514321051807,469.73361874927286,386.11250958182063,2011.0310340679898,0.0,784.1936240137002,fast_checkpoint,2011.0310340679898,0.10043818685877438,True
33,0.5450129049060614,0.8329026482969655,0.6695541353862194,1.541731777937594e-05,0.008337710313017997,365.31222124801997,417.1150739341765,8.266684494893019,0.049357306801229045,548.7906908660443,837.6694617228204,148.21219814399592,0.0,3417.1940613047373,1554.6043549323476,1613.0388945398408,315.008708952686,0.0,4343.8449898687795,straggler_control,4343.8449898687795,0.16234788771012343,True
34,0.45053712902378695,0.8664944675006927,0.7003907700869492,0.07855466052619581,0.007334094254601624,276.74879077710244,122.54551830835433,7.191605487735312,0.04092776747669297,373.1628451738252,565.0280015982644,99.31185300558354,0.0,1478.7413811800106,952.4731068890796,222.749071282542,183.69600597242243,0.0,2936.138733353164,straggler_control,2936.138733353164,0.0901495861997829,True
35,0.5545055009126374,0.727683815025111,0.7290424593904961,0.17633065297854028,0.003649152958297866,54.25811061243045,326.7747657312733,81.03908146685671,0.026857082455369503,495.43599610681486,754.3579035575094,128.31762712869022,0.0,697.606979270804,62.711592381168884,499.73282148664293,2135.436220050382,0.0,1578.057322511544,fast_checkpoint,2135.436220050382,0.09311648909831759,True
36,0.5692110132108089,0.8920298237116758,0.7386399128266118,0.2076271323797154,0.004457738806698705,392.0153488342308,242.603029998931,67.23005229625437,0.028425145401469305,428.7119237523257,650.7125898895029,110.29105962518588,0.0,1402.0437195552367,874.3123818960339,418.36558225622866,2169.1554140189073,0.0,1802.2867988216021,fast_checkpoint,2169.1554140189073,0.1241134380654434,True
37,0.6453830982171541,0.8045291832311733,0.917542399056144,0.275510684561831,0.0071582177419990635,72.67610094575667,704.0113986738901,35.63590261030939,0.008451143163734581,269.18213996343184,406.99614042115354,45.498304635351815,0.0,3319.432127403081,187.4788678474033,2629.620923415241,1767.5625236669148,0.0,0.0,reliability_2x,3319.432127403081,0.17203891529242835,True
38,0.6387922539921093,0.8013488572039973,0.7075773476909266,0.30930071830047523,0.011093282146269506,219.16090440162108,390.6368446989688,70.2359759942153,0.023065896984261508,696.6156156314173,1068.4612033175472,181.93115339836368,0.0,8069.921344717248,1318.6154112674485,2322.610733156467,4817.1074541075795,0.0,1547.0875589378848,reliability_2x,8069.921344717248,0.23608731801954638,True
39,0.4784857280299416,0.7901122905373654,0.756547383134343,0.15393538555535508,0.0143297424243692,363.49766738479707,648.3461503358185,53.06707261804893,0.041293713867959415,565.9521825588708,865.4579142173825,141.97775204097343,0.0,inf,3505.836247031777,7308.894557167576,5875.727208464861,0.0,5141.102413878787,reliability_2x,inf,0.34642450832103977,False
40,0.6725749960961112,0.9375089216907752,0.6420738835725204,0.28322185280504925,0.010818247497113586,346.7434883648589,504.4231755685705,6.0401033343695785,0.03428212068671681,707.0253931001535,1084.6995550443826,192.58277195008122,0.0,5757.872852876157,2001.180255293937,2864.693435229776,133.1737235643086,0.0,2842.777215930335,reliability_2x,5757.872852876157,0.2063770521193599,True
41,0.45601953804077483,0.8247395495426515,0.7374732594020004,0.22004004268695912,0.004872578894048152,122.0130174430947,684.9572484392183,66.98219531421192,0.03062730900232516,390.67629281023983,592.014599846374,100.7427724917361,0.0,1983.409373305516,255.27344543009895,1695.076048742434,2364.649555621796,0.0,2100.709312275114,fast_checkpoint,2364.649555621796,0.14892685472480824,True
42,0.6999417738451786,0.7963587009128309,0.9484554209264522,0.025568890545102144,0.009478085174402996,332.18057413979017,546.6052569673798,59.21103184995911,0.04613372953002244,259.2132782639237,391.9182714168128,33.613951682589686,0.0,7339.580972774944,1698.2025492343491,2822.79940953774,3641.3596559319194,0.0,4436.041735014638,reliability_2x,7339.580972774944,0.24660152310664693,True
43,0.6265672341376323,0.8963825015401987,0.8961779638181536,0.01142759373141517,0.0026697786239765994,244.2870482861644,169.26743176820275,76.16183208950397,0.000440756681847726,228.08335749274192,344.43348706463803,43.11846102983327,0.0,101.59173949298565,290.0380710421232,140.065953399735,1621.2727688260566,0.0,0.0,fast_checkpoint,1621.2727688260566,0.07602094101184341,True
44,0.5791686855653008,0.8225326081037119,0.6342365448010847,0.1218442246902676,0.004919593442400736,123.53409596167167,882.2764321039604,53.53164526883251,0.019359039786881423,644.190018454563,986.1026298075922,176.78515285069807,0.0,2267.169025731713,264.6545950561376,2369.1941515323742,2072.0478548453175,0.0,968.5947836547639,fast_restart,2369.1941515323742,0.16169124857213138,True
45,0.5593278368282675,0.9027533073529727,0.8091242213493468,0.27675143216110176,0.004860985673920087,343.76266123944305,402.2957999790948,30.5042777525643,0.02980983287945851,331.7267362100574,501.7022172143952,78.54306063678087,0.0,1497.0601163615393,802.7478651247584,851.1413761504336,1185.4800141536143,0.0,1917.8809519327733,straggler_control,1917.8809519327733,0.1217269894306981,True
46,0.5835073285885584,0.7535746804715426,0.6839939644494752,0.1253184518464739,0.006423648410364275,365.1683381096302,867.3040566836546,7.90336374072111,0.03197690129989347,643.5337623403684,985.2710534465295,171.43510307616452,0.0,3401.915799470069,1174.6464026585745,3054.071916437457,255.16637598116358,0.0,2419.601835460664,reliability_2x,3401.915799470069,0.1821648880619628,True
47,0.6739497296620962,0.923904934861433,0.713266671948547,0.25679982871146123,0.0033839986615095637,196.94161869740987,70.9558602207434,61.53860099835487,0.017400038792714675,487.92331245466266,742.6475110466454,128.09541159913715,0.0,428.92893611750696,299.6444901544746,18.27264170251874,1624.0751328962651,0.0,665.8320645527929,fast_checkpoint,1624.0751328962651,0.07220674721300537,True
48,0.5080539256838503,0.7685191988670187,0.6035804859902434,0.27929793874329034,0.012322913960187844,255.6713960214041,745.5173958892246,10.260557131932408,0.04485314262235321,791.7286423978767,1218.4985983595543,218.82542363600442,0.0,10412.180819072957,1685.9828213074288,6230.281064176368,705.5450268957138,0.0,4807.952592938862,reliability_2x,10412.180819072957,0.26342722354820475,False
49,0.5569538286926696,0.8054784098057963,0.7503157726007221,0.1994372717694177,0.006959241859233851,61.06575992844121,720.3412050947231,84.20684263749646,0.008085948094951606,495.2619827052222,754.4037713183607,125.63183271318121,0.0,4312.070428705618,151.6985859795459,2843.471003538274,3784.8302143271103,0.0,0.0,reliability_2x,4312.070428705618,0.19948942689873103,True
50,0.6106429026569825,0.8147795482076714,0.6936647078222992,0.026539809767236258,0.012213998318121325,159.30221781783163,163.54613283861255,43.99035148059156,0.027311779745636634,587.9258679408194,898.270241254304,155.99438759686382,0.0,4631.066903936633,941.5546812680659,689.5798269885563,2971.4932153081318,0.0,1825.6297830405747,reliability_2x,4631.066903936633,0.16781362092008767,True
51,0.6083720517706099,0.9171631804008077,0.7077522766969138,0.23722921262474755,0.004198400130294078,141.4160097441495,282.08238106144347,47.08115449717394,0.031769479251736614,465.08510135080724,707.1538149925946,122.71062485669609,0.0,879.9697672172588,255.56605271693115,472.84275571063336,1525.659349916652,0.0,2046.0333289030968,straggler_control,2046.0333289030968,0.09012232430643304,True
52,0.595195091014301,0.715305859681036,0.8297767336853812,0.2729842753723094,0.006151232214273222,157.36493679049474,677.0333737299726,62.07419046936432,0.04180956194626523,436.35271519969683,662.6335721264586,99.15076511041116,0.0,3205.8299615167707,443.7293813075885,2200.213059482354,2661.872143596702,0.0,3469.851787154901,straggler_control,3469.851787154901,0.17701352574772541,True
53,0.5482992923119085,0.8732475932271091,0.6142535373871998,0.34208393631447687,0.014487903269171829,103.88483583099813,337.7267525477236,75.06701768579276,0.034478688612293536,723.5002790596263,1110.830548075919,199.66031979756008,0.0,10738.30803893233,729.8733437072551,2719.06404381416,6386.792873650025,0.0,3141.866934990696,reliability_2x,10738.30803893233,0.2483484151456753,True
54,0.6682042341461554,0.91483894717006,0.8220374548846117,0.17122948284362005,0.010470300071052138,229.3613737128393,146.7288756447408,47.574981598225534,0.04370966409036762,387.1335469171063,586.5616165644715,89.43355197906203,0.0,4114.975454937412,1209.3406808761538,480.4123101812911,2839.549178373076,0.0,3600.996387947416,reliability_2x,4114.975454937412,0.16454601074058753,True
55,0.5839889660060872,0.9136183842424022,0.881299422808132,0.34673918018582583,0.011887909127524741,352.6923576872304,194.67642512379314,36.69947949730338,0.026424412121295517,285.19846276419776,431.2626916783447,57.00461435706893,0.0,5989.828209633615,2316.5973971068197,863.3765171265295,2596.1687327949476,0.0,1793.7338654339437,reliability_2x,5989.828209633615,0.20639178652275572,True
56,0.6315208706199276,0.7845548621478092,0.8159249367013471,0.2516789329023125,0.014023734263523992,86.66849164124439,305.74548786105373,35.00987393826691,0.03379139777929865,456.11915433909235,693.4098421463896,106.2297807122668,0.0,5893.658693223631,500.3387496030264,2009.3869008709553,2714.4492206113136,0.0,2631.1533709037903,reliability_2x,5893.658693223631,0.19322553012676358,True
57,0.512205750584912,0.9497745778959881,0.890170153304315,0.05520790532976656,0.010411440322103468,208.76710383095676,185.2885479149039,34.51201977173179,0.017694832438578167,208.97949646232155,315.40387636654486,40.55218456946022,0.0,3635.593074901266,1036.546707469075,673.5462709710264,2065.6129784748264,0.0,755.3505915564238,reliability_2x,3635.593074901266,0.15546654863333575,True
58,0.6147786755118863,0.7252772542681271,0.6906317793442743,0.02771105394751999,0.0034390034885620037,282.7481578433494,754.1637822894743,43.52849038245757,0.013330951312536372,615.4078609171993,940.9594201692562,163.45721875419258,0.0,797.9305575079452,458.44540457609037,1268.076450136603,1346.7216143904297,0.0,319.4816597458448,fast_checkpoint,1346.7216143904297,0.12072496222492939,True
59,0.5334085740594878,0.9131666596848957,0.6204465693635663,0.0675516217417278,0.0043169166349149276,151.9840919340157,310.75241019292326,8.955920874581713,0.04380680158027877,488.9766746138448,744.340773617696,135.9995735513512,0.0,642.6174807689786,278.16262300411836,535.4124045437857,234.55860301850407,0.0,3148.695205293752,straggler_control,3148.695205293752,0.06683913041226232,True
60,0.5577764677914144,0.8601506327044968,0.7773855057667425,0.25604590240900005,0.010747234150455882,132.2253249050697,355.7373201472264,48.49334658530162,0.04470061030196633,429.0869087192186,651.4058378973896,105.83276908381958,0.0,5236.248876825597,656.1455002057264,1850.5610721372905,3097.2190786342544,0.0,3945.4012137134305,reliability_2x,5236.248876825597,0.19096412989191547,True
61,0.6350338263118306,0.7856372698801948,0.6430370541294984,0.21171900298058355,0.005026365709446657,278.35979746688884,776.9484773533469,59.49419771528519,0.022309457252166622,738.6299355412375,1133.933553610801,200.87951786750637,0.0,2568.172081301178,701.3950527275301,2106.2301152149266,2342.995031554783,0.0,1311.5068069601984,reliability_2x,2568.172081301178,0.17209444030251916,True
62,0.6307232423005565,0.7072986239984855,0.7772200556511486,0.31379352850448344,0.0146652405622989,135.63749888628132,285.5777120223925,37.33458893134561,0.0499269227933907,600.0575320538992,917.3265717654394,146.99640884142354,0.0,7081.5283936463275,957.4065534099573,1978.1355888581384,3100.653681214957,0.0,4835.564766898311,reliability_2x,7081.5283936463275,0.20968075020413704,True
63,0.6345154339351894,0.7796099100382965,0.829408250484864,0.2750827289718538,0.005810342116658365,284.98632507335844,428.158883505932,50.74266401381321,0.016175398482460076,408.8752200327908,620.1015047185829,93.06825200195453,0.0,2387.425043418647,805.0135255947789,1140.3777971273776,2076.99351623053,0.0,608.058957207988,reliability_2x,2387.425043418647,0.14979614649475095,True
64,0.5523388673774199,0.9124233129954737,0.657866825929109,0.07998864648549807,0.009270406314653519,51.92269546164956,319.3664299309563,65.59981241522485,0.004746029565618115,525.673653155216,801.7316193338702,143.1498010850337,0.0,3928.2030121021744,156.42084914504449,1359.8815034523832,3461.8194560564734,0.0,0.0,reliability_2x,3928.2030121021744,0.1634801046524519,True
65,0.6342491644076503,0.7287768802988013,0.9121721272876966,0.0570982028246685,0.007267064157780661,196.61270141338136,165.44743491302626,39.1931268386956,0.007943926093009214,269.1215910763858,406.8567946118201,46.93823501400402,0.0,2080.193702570814,645.9365885941334,380.37741312768776,1774.403585930162,0.0,0.0,reliability_2x,2080.193702570814,0.11844490120303927,True
66,0.4871817703631521,0.7386487606358472,0.751797392106413,0.3237324874155777,0.011702904835904053,30.370022091660783,117.38561877306127,77.74171558401704,0.045702655748537234,448.3739252251398,681.1765958130491,113.80166674466454,0.0,4063.1986193885095,65.29794458033575,367.4336354328516,4459.651080857493,0.0,3775.9895450572803,fast_checkpoint,4459.651080857493,0.1490533829213174,True
67,0.4959888251581714,0.7514473714599751,0.8787912508394062,0.1772239027462028,0.011596138473736677,300.5116659157702,610.120438126707,21.33716604075384,0.04733361498489476,316.01839597748767,478.0148761457858,63.605892961462814,0.0,8568.259321265305,1849.7573935064102,4099.502106602631,1655.6163688329289,0.0,4756.884739269455,reliability_2x,8568.259321265305,0.2531053647521464,False
68,0.5842870761347061,0.7995541784295921,0.7981819843448883,0.014761235925607113,0.014928212795969793,108.02204039695702,238.5323257092883,31.797026417716232,0.04103412921997931,428.61910631692444,650.6662803425716,102.78922939730546,0.0,5646.947657809553,708.1420867958332,1502.6478359327339,2536.9522556911143,0.0,3428.8799062575163,reliability_2x,5646.947657809553,0.18588763807484152,True
69,0.6538536626683353,0.9116274859173572,0.695286929442245,0.18167999819124458,0.0026438929094667126,166.5072244744098,153.31485079402015,59.00016583921374,0.019066646496272883,494.4214995755865,752.7620652875376,131.5569180962484,0.0,74.07667859987123,191.0884609052664,121.19750292167373,1363.946039146631,0.0,809.3462375878444,fast_checkpoint,1363.946039146631,0.06377205014598515,True
70,0.6581027055417129,0.8506519919041238,0.6956405666712772,0.23504223167704966,0.012329298476150123,67.56009468285964,567.6098193722406,35.07794246484868,0.021044342690557067,681.6621525169394,1045.0442332849816,179.75843332850127,0.0,7670.900982335148,318.35940218419273,4223.1342901401,2755.6107064084354,0.0,1277.7359412741753,reliability_2x,7670.900982335148,0.22833451332664,True
71,0.4869346744104316,0.8348080375997096,0.6044484205631462,0.19126704422865173,0.005127238277868868,183.3095258423144,170.37622409766328,83.84162621786173,0.03374525640701736,545.8230709995769,832.7737555011299,152.67662264822502,0.0,1589.5719902541969,442.06003747888826,296.4996582753665,2784.311014117131,0.0,2352.931097254659,fast_checkpoint,2784.311014117131,0.11536721675836757,True
72,0.601819133876688,0.9264327067816166,0.6128185793537275,0.06667764450036649,0.0021455360609195055,150.88785989306967,290.0095165948318,8.742927241820237,0.031725313995300125,526.290894043359,802.4705321966139,146.77885685068395,0.0,0.0,134.36406315684872,237.57087361106096,150.9556994581253,0.0,1912.038719351338,straggler_control,1912.038719351338,0.036973148801420254,True
73,0.5873431436159265,0.900376318294605,0.6236888387779232,0.19345109715226771,0.01390687183352559,304.42505587735144,853.4776994236051,68.58112757849882,9.589132281979663e-05,933.3866359179956,1445.8679365108765,253.05646976068965,0.0,inf,2900.3419375516387,13910.243832351774,8731.274030371147,0.0,0.0,reliability_2x,inf,0.3764729442204816,False
74,0.5422409980591214,0.834860621835658,0.8038764942525005,0.33450404189421085,0.01235022612273859,45.26315841974672,212.3921564533914,14.548894185863428,0.007225987149015356,351.557124096038,531.8519801265138,83.85255556528136,0.0,2673.154777633932,153.48919103807202,969.4796414859302,893.2649830728806,0.0,0.0,reliability_2x,2673.154777633932,0.11718802551399576,True
75,0.4848958871593017,0.9034189006377605,0.9366126012865026,0.04595782066868648,0.008524012155829722,33.40527758610372,817.3500478844196,24.945151485682555,0.0185706647461366,167.287075772987,252.13599084964517,24.65663918912105,0.0,4493.017641998027,56.35368116167592,3932.016020377072,1457.2730292317865,0.0,891.7537376441687,reliability_2x,4493.017641998027,0.19681693743010162,True
76,0.5445347493046291,0.7981205119500685,0.6651979506196886,0.14237208113558197,0.009012121165599253,394.4259143745904,142.101332622089,37.24263100369625,0.027311837865694483,588.2021445818136,898.761447452096,159.01196810835972,0.0,3905.4691364977953,1941.6703574188032,390.313167167802,2164.2556373587577,0.0,1830.7295454300438,reliability_2x,3905.4691364977953,0.16709501204926494,True
77,0.5364400990357887,0.825541164237366,0.853263249390218,0.1685816747802459,0.004379977902515338,365.61050259864874,680.8943339908278,19.731965658486335,0.01886905758702937,289.0106755036177,436.9852702604767,62.75067640675843,0.0,1386.1759090435153,755.7355582956006,1408.4721718917463,741.7284378159202,0.0,846.8541089152495,fast_restart,1408.4721718917463,0.13020194006956745,True
78,0.5419423627248133,0.808502563182014,0.9181233153150644,0.019558249707152107,0.011800057536228198,164.55019892203893,485.1234054410235,84.67867894895178,0.002548996985393326,255.66973692282772,386.54441016414785,43.10094886320803,0.0,9823.103014250413,977.9645428638723,3269.204167220014,5856.636973441455,0.0,0.0,reliability_2x,9823.103014250413,0.2643126043078854,False
79,0.4977132189718399,0.9406988658209133,0.8251746713641411,0.010464666731921934,0.009636893970634552,357.74574220156904,91.87286866513176,81.22701971111616,0.04597267201129091,292.28923649372155,441.962996986902,67.44146943924716,0.0,5073.836465464799,1923.3343032690318,164.4590506549539,4376.423079334643,0.0,4053.3132353650108,reliability_2x,5073.836465464799,0.19296948302970332,True
80,0.5389579412408951,0.8806901706733739,0.9176583734520729,0.09593040029422113,0.009273774213125984,379.55425529413225,862.2975948745668,64.95538351869816,0.04752106049102307,255.2923360804307,386.0129076513949,43.16645963924384,0.0,11399.884311114449,2022.66190002632,5395.675051651495,4417.061304787923,0.0,5296.71455452442,reliability_2x,11399.884311114449,0.2970504077999984,False
81,0.549729375828845,0.8131748543041584,0.7324917405753942,0.19845881624461909,0.0017047990922901455,258.92442098722336,634.9681879914529,55.704806516997245,0.048778970154363395,429.19474476814867,651.4061272008876,111.05203914660524,0.0,0.0,199.36696063473937,487.08066262819557,1044.4071374186133,0.0,3611.2499685335133,straggler_control,3611.2499685335133,0.06904131256829049,True
82,0.4665921017736352,0.7187097625479915,0.7613987909939551,0.22530628786673146,0.011564436214914155,251.4687003433592,590.0308130361533,71.75825152992614,0.017805997528706458,527.4089249874451,805.110470120715,131.96612796173213,0.0,12742.10623300236,1647.8911152706933,4395.980928625053,5584.253267198877,0.0,980.2427988724994,reliability_2x,12742.10623300236,0.2862097536280365,False
83,0.6260484538297683,0.7271579285661331,0.9182060691698014,0.19586065785985698,0.009635915838690865,31.984539905817307,709.1182863126738,19.283994467881627,0.04701037367812857,293.58894356423843,443.9517045383727,49.35386307330555,0.0,4638.671548238064,57.235627571557416,3803.026638949963,1201.8628246634617,0.0,4115.299475475942,reliability_2x,4638.671548238064,0.19160988998178796,True
84,0.5795826128411415,0.7139905100550071,0.9325465037006109,0.09106512936369211,0.009604931286803802,290.6288402607698,635.8354521750366,77.70435519723706,0.03614157757891494,283.3622403590307,428.54675710736046,43.009127513149,0.0,9019.180798313238,1520.9732666343443,3636.1031328404606,4847.451103094907,0.0,3273.402787689105,reliability_2x,9019.180798313238,0.2683682568048307,False
85,0.4580192840962869,0.8045202359372663,0.6398785936554852,0.10793930598086993,0.0060226982134343925,65.21013240255725,188.76551205739446,84.1283701533938,0.03720444884526242,489.4871997335795,745.1049422393226,134.80493392490462,0.0,1889.5872271280714,141.66052090141238,409.688966372687,3041.9236965771015,0.0,2698.522587419877,fast_checkpoint,3041.9236965771015,0.11584855691374811,True
86,0.6433580375908934,0.864225305014649,0.8593134682322218,0.20851712599037997,0.013252939060018985,73.97108054598061,222.43422889536714,69.03337564860536,0.03850039247100137,353.33474471010413,534.5987947802168,75.2942375356688,0.0,5996.243905378502,391.56941581514184,1235.7852471009064,4660.367033650909,0.0,3156.312554071119,reliability_2x,5996.243905378502,0.19373927824709256,True
87,0.4971907057912039,0.7661547329079323,0.6340264748224892,0.028093149569197798,0.008870534282211635,75.92077091293287,585.9452136981514,82.16288762120216,0.025843425009503318,648.1271999709861,992.5550553466928,177.80532749093982,0.0,6076.482254969957,275.24234954007625,3030.5271125338695,4572.564971575204,0.0,1825.77695430327,reliability_2x,6076.482254969957,0.21736264587872112,True
88,0.5837798262556404,0.7505872549891448,0.8921896669132575,0.18782209718309917,0.0039464327246433225,246.38917478637399,789.2893399227327,65.82427270647425,0.027755823151505772,289.1330726928354,437.1608110887428,55.4339529771205,0.0,1347.7055223454845,451.1984950522565,1545.6083423344462,2015.258509551717,0.0,1751.9614568116194,fast_checkpoint,2015.258509551717,0.14490678247583216,True
89,0.6816345094479329,0.8790822077592735,0.7431986014522431,0.2325628362610915,0.006316143198308362,112.78640328942653,213.4329617234721,32.192744219924656,0.047646257569599865,490.8688153630719,747.2724886462966,125.48963927975274,0.0,1529.7827174357044,295.8611871796711,494.13460294030665,1402.5389907983808,0.0,3669.0065189297966,straggler_control,3669.0065189297966,0.09692217177756766,True
90,0.5447629368368366,0.837086512125659,0.8824077552289138,0.028959124679212824,0.0016190988945718099,269.92357069427374,131.31271930462233,72.83603758452318,0.045743551269178284,226.36501576093724,341.81078224141675,45.17842543417282,0.0,0.0,193.99887686955844,54.93645211361945,1182.9398731046858,0.0,3154.6373140912256,straggler_control,3154.6373140912256,0.05341930976735595,True
91,0.49633674831222935,0.8846763652563645,0.7271902432759684,0.011911035955489112,0.005206692841462546,395.13367077682614,300.46188364739356,54.80972078483821,0.025228555245488178,393.28653094928814,596.0143760762112,102.35097029613098,0.0,1942.9354062539423,1037.3798041736627,650.0705614211729,2055.9387911102567,0.0,1507.5283337191322,fast_checkpoint,2055.9387911102567,0.13858168778708516,True
92,0.6851874984041061,0.8793388659721002,0.6492865043237374,0.21976716734408347,0.006773416611929979,174.3530345360254,301.3575171938515,9.402078355508793,0.007933280457135178,629.102140044135,962.3194316958252,171.38847418907244,0.0,1584.9136168106888,523.481127113715,833.9017372938179,338.1187921333694,0.0,0.0,reliability_2x,1584.9136168106888,0.09869870764428766,True
93,0.6332148842123755,0.871971052816811,0.757565446258544,0.021936085708251417,0.004752557957847445,48.185963253541416,815.3855110342109,56.788748337544114,0.0106841472975927,457.28659822245754,695.1475143122225,115.30024018067343,0.0,1856.9955336386993,67.17996426568061,2005.282300247658,2027.4294183380516,0.0,66.82545520030908,fast_checkpoint,2027.4294183380516,0.1463553815404832,True
94,0.5381865728377065,0.8635187908102004,0.6527665408597056,0.23017198771363373,0.007323904896100806,313.1655473055186,122.73303058097169,80.46565868096455,0.04561974983487374,557.0088098357701,850.2446348191988,151.92849060614753,0.0,3262.7151079450923,1218.075663535521,246.76128717181928,3561.173983236047,0.0,3879.2712399396914,straggler_control,3879.2712399396914,0.1570945914625818,True
95,0.5849204821648517,0.741519726728821,0.7487539583113693,0.1598333232955685,0.014234265073783395,343.1362189952032,647.0497487712878,46.891444562323,0.010407409808568342,718.8379372346462,1104.656933621889,180.54201270841804,0.0,inf,3157.585775614745,6992.040857880678,4988.81416321639,0.0,55.03864533302112,reliability_2x,inf,0.335560994359874,False
96,0.5809596438740319,0.8705549588019289,0.9232729783848879,0.06765090426615039,0.013912309284808728,97.59891482373138,115.4749144778239,21.04365227551341,0.023420126222701294,202.04058174456804,304.8506411351009,33.00261673498608,0.0,3083.4921165984997,543.256125562013,385.52875938630314,1442.0649497740706,0.0,1269.3424279438805,reliability_2x,3083.4921165984997,0.12615252457297088,True
97,0.6517232547676953,0.9134059120901853,0.6926550163054436,0.09670795835492897,0.012606268290901189,359.02301674398683,692.6719165139061,25.73620459130137,0.012734145015854143,707.5880573479553,1086.4135520676136,186.61001212856354,0.0,14911.13940423389,2705.658304772096,5968.622624256095,2373.2255853381284,0.0,347.25073316772614,reliability_2x,14911.13940423389,0.29855499315577433,False
98,0.5283549991133154,0.9026124448594187,0.8800266801127743,0.2177937154005672,0.01435318995641391,381.33883207515305,546.6930267512997,19.627674413881714,0.008264794390258751,300.2001171389202,454.1112503068507,60.21675687326206,0.0,13811.984898033414,3223.0499633885593,4676.847491153996,1824.3683285368134,0.0,0.0,reliability_2x,13811.984898033414,0.2952744774717937,False
99,0.5234441194256139,0.8967808583152421,0.936632612610166,0.1893671538012315,0.012457545738180854,360.5534942990181,516.6946441340955,70.02090793959907,0.002712721106262006,219.3469039990523,331.26165347643837,32.245237519786315,0.0,15079.82383699742,2726.745067483167,3886.4988505165747,5738.878208307135,0.0,0.0,reliability_2x,15079.82383699742,0.30605636903038236,False
100,0.5203797935955594,0.8987584543819972,0.879747339763064,0.014496047575197296,0.014361926706140993,112.09462173768765,382.7032286558407,66.37414512196665,0.03864800636342171,274.2798399504427,414.7790098060286,55.160297763814015,0.0,9974.33961569409,754.2003369267186,3005.120513583679,5362.245587206198,0.0,3538.4184213739136,reliability_2x,9974.33961569409,0.2525257186576672,False
101,0.6074575888580508,0.8296675235503275,0.6864217731548619,0.003776535802050068,0.0016537914550340792,339.8553232979375,406.3787773360135,18.89834558100676,0.015441696052908821,493.99383012198814,752.1386084020814,132.25500524130985,0.0,0.0,253.93502582340443,275.3360253163446,392.9385061457433,0.0,473.3208702872289,bandwidth_4x,752.1386084020814,0.04787911486895221,True
102,0.5666424428880455,0.9134905164453654,0.8435754408940385,0.006257084369091509,0.014998928198723565,331.8389578948069,322.1317757270996,62.400391486171074,0.0242029632837252,369.7006923186236,560.0441427744263,81.79537777767473,0.0,15391.631069609546,3125.0244470307953,2547.641421700304,5829.210646605792,0.0,1821.8852201378577,reliability_2x,15391.631069609546,0.29364302591385794,False
103,0.496706541116877,0.8729480259415727,0.6909857612495464,0.0006225247937924449,0.010923484633349823,333.0569255427812,250.17262065397122,36.80964023878849,0.015290947511293486,481.15921815093316,732.457883749139,128.38354087300104,0.0,5640.068486091946,1984.4323705618517,1150.7475168251513,2502.769408766988,0.0,567.3962824690243,reliability_2x,5640.068486091946,0.20104093440776288,True
104,0.5423672252063334,0.8727683166917347,0.8218668385869817,0.10233055458040004,0.0030469010523571263,193.71082458451613,613.2965500384407,5.853782638270916,0.02470649361233282,290.1154513016045,438.62863311624096,67.33687285428823,0.0,266.7954014076022,249.97012649412136,821.892180172501,46.34333236967359,0.0,1306.4427527885819,straggler_control,1306.4427527885819,0.06968985072370648,True
105,0.5700186847412143,0.7239607008921242,0.8092474470306246,0.18225632598473374,0.010830266414890138,327.0983590120934,627.008804226983,87.13913800994116,0.024231669849961265,547.9826768227103,837.1133512499437,128.43544800626842,0.0,14467.655214350398,2137.8901569241643,4496.294199769152,6603.852424039313,0.0,1884.7560854820877,reliability_2x,14467.655214350398,0.30172142624722753,False
106,0.6698837785669719,0.7914700840609008,0.7794439366061969,0.3291886617038897,0.0020600347443703385,236.58357595320345,447.981053260536,72.66482301062295,0.03116590552729234,465.31273841860457,707.4904824386795,114.36978056736552,0.0,0.0,220.23238330925597,398.5250410230692,1408.863283096427,0.0,1939.379428834367,straggler_control,1939.379428834367,0.0754808020313623,True
107,0.6439740257177956,0.7526352431802338,0.6886259689533377,0.21703099992670363,0.009019743986821207,204.35310938910254,700.7992969925674,76.00534741291705,0.015485089854372747,795.1809634708043,1223.6491359914653,209.58708842419583,0.0,8244.703042635356,975.0915619537955,4027.4615608257664,4715.84572698738,0.0,654.9225122183052,reliability_2x,8244.703042635356,0.25282434809324855,False
108,0.6660205348787517,0.7961593555663801,0.6934258474033994,0.3072523875649535,0.013135780597354646,144.87086930516645,532.0351817754032,47.58720484595246,0.009796245296109674,787.6302448178467,1211.9426337437144,206.94273944005909,0.0,10791.625782148021,957.6597465858504,4386.840820230598,4050.274849492518,0.0,0.0,reliability_2x,10791.625782148021,0.2600700832594041,False
109,0.6882097422328458,0.7679664099412166,0.6244967180803767,0.17205243613265125,0.010196301317650036,368.90170817029383,142.51154985283716,89.78383828348646,0.03175476803860391,915.4008636108738,1412.6823799985686,249.26589394724942,0.0,6915.840688872766,2296.0061650289936,488.5682394421783,5538.808457089817,0.0,2624.3631880214016,reliability_2x,6915.840688872766,0.21764196203264843,True
110,0.5575637612555643,0.8180236481275909,0.7186370921473324,0.1533906857593854,0.004430091749850425,337.5666203719864,381.80910623519793,62.25483248388939,0.004137361466328354,479.6950151087367,729.9783159389663,125.38467217488869,0.0,1445.0286277815467,732.1297501661866,742.3548597818808,2046.540857327589,0.0,0.0,fast_checkpoint,2046.540857327589,0.12884449609431456,True
111,0.5285392355228998,0.7607841237537166,0.9002630122710638,0.14337640251771966,0.012766887727656778,60.19437382882097,535.778925940097,35.2660617195457,0.002000304763298161,278.5092841486112,421.15969421750196,51.59380509821858,0.0,7128.261033678184,266.1230061678325,3837.8682009989934,2666.0140226702642,0.0,0.0,reliability_2x,7128.261033678184,0.22617803445438261,True
112,0.6732389472250844,0.7654240255614367,0.8754850625520234,0.15711667588747769,0.0033369196029996093,252.01466229545338,318.6507359800724,18.050657359208948,0.032175225707106146,317.09655948802174,479.4898063709661,64.51739525495213,0.0,383.1533943296199,372.1687120679162,415.7891366198128,541.2695475747096,0.0,1980.7003029622174,straggler_control,1980.7003029622174,0.0702745501914866,True
113,0.5217160601358337,0.8500246780660118,0.8856839235199452,0.30141422883759733,0.013451406485567703,274.39510027025455,395.7926479832358,53.31401154027672,0.039529211906390416,297.40752626855465,449.83301005192334,58.469257799701154,0.0,11040.935897082032,2089.472498965999,2892.425892524305,4426.000992590842,0.0,3808.496137059741,reliability_2x,11040.935897082032,0.26824860680811197,False
114,0.5377654296007253,0.8044076236772415,0.758544163228639,0.3089365938035967,0.008319017326814443,276.5613985437397,614.352589439187,79.12908689721884,0.004459460417995681,504.91980628664896,769.6420642937082,126.89534729818115,0.0,6694.24721070912,1231.797554282708,2935.7608317911836,4357.236839604146,0.0,0.0,reliability_2x,6694.24721070912,0.23874618178450693,True
115,0.6413203787314313,0.720445088384814,0.7715160702036885,0.27624815639776695,0.013166020828436353,70.12436896307214,486.8187208770576,79.38724358256059,0.04961596313058234,666.2773925257134,1021.2828092990494,163.81064869333932,0.0,11244.68712546504,385.0781052839957,4030.231770534636,6379.741649293905,0.0,5455.089030402047,reliability_2x,11244.68712546504,0.26151925703069717,False
116,0.6217618700440809,0.8552959979005523,0.870444707965704,0.06130796992064976,0.005903870983659814,391.2499493697307,593.762493491342,11.691047291326253,0.045440665761679246,301.7211032299638,456.2443291109885,62.430013295437675,0.0,2329.0293136347645,1121.3454888898668,1660.830576676497,470.9364920222324,0.0,3659.2841979287005,straggler_control,3659.2841979287005,0.14969978550031907,True
117,0.5800855750081914,0.7213304916684616,0.6635053004563585,0.2775092000054717,0.007251838785028792,371.7637199199574,236.26222030123256,28.770939418086783,0.022669309629209322,677.2022594024638,1037.5355095933446,182.5664983757233,0.0,2796.066639081677,1401.5913738655727,673.7778432644882,1483.2001204457592,0.0,1291.248758169444,reliability_2x,2796.066639081677,0.14511621338370578,True
118,0.6260425226314565,0.7469344067480848,0.726891451014384,0.09911361579002653,0.0081387280437974,271.8211794445207,875.3814821042955,29.747717243525248,0.00509338033900959,660.6758815109679,1012.4071786820605,170.10327730112112,0.0,6194.029096970804,1128.342328145507,4362.700535571959,1856.3955830820923,0.0,0.0,reliability_2x,6194.029096970804,0.23401208121491845,True
119,0.6930526706988853,0.7889941452127487,0.6442653730548177,0.1493785445745476,0.0069370820012840595,203.23900133809664,492.3081068080692,87.19262393515721,0.015211652769428081,809.4971626115439,1245.1645459660685,219.29884651473185,0.0,4131.585758642494,713.2758122611667,1789.308629583502,3941.833105989248,0.0,562.4316770631413,reliability_2x,4131.585758642494,0.18969577800499504,True
120,0.6098334652816144,0.8473550973826078,0.6498317275626031,0.01037359841377542,0.011708569165817632,50.252921370604646,859.0425671404721,19.826853681860964,0.01542282942424622,723.9771002836278,1111.6874509852933,196.12815181256883,0.0,9039.838612237676,187.55351499362223,7156.780571692398,1584.7598250359733,0.0,642.0759177116888,reliability_2x,9039.838612237676,0.2526988902853548,False
121,0.4520890294768518,0.8743769658751942,0.8479527397993278,0.13692334424748173,0.01104598900001509,72.38727682152057,85.33621762887164,73.11594032656028,0.009992692622678502,242.5945828137883,366.51714886007176,53.48531514023489,0.0,3581.535283668214,304.4553605086112,145.88418138074485,3921.0418152145976,0.0,0.0,fast_checkpoint,3921.0418152145976,0.14269126470842353,True
122,0.6679430274981583,0.7638392729612009,0.6987263935062757,0.2480690393991995,0.009280306856117094,131.9745398872305,356.22764491605943,35.249338056699074,0.02742718237967386,681.2401523867811,1043.8601003115618,179.35047500581277,0.0,3766.8137783731654,553.3678622400403,1550.12544795543,2083.3490984191885,0.0,1833.0615823869848,reliability_2x,3766.8137783731654,0.16051432748424715,True
123,0.5449743435949613,0.7215466964856595,0.709335931340544,0.3248297750461738,0.00696378085432671,344.21187195981884,396.29419357899627,65.52690594539015,0.0029630431321510165,600.9731328362614,918.6769881285545,157.47132146107833,0.0,3827.8759032525813,1266.360163813035,1316.9423957021609,3056.2083746669887,0.0,0.0,reliability_2x,3827.8759032525813,0.18403927883179522,True
124,0.4833480953600936,0.8225063419947518,0.8041609747535613,0.06434765381223925,0.005207814715595616,179.78833689315996,829.8164195798953,32.59065823806724,0.01496396573414901,328.7787319226263,497.2643097309083,78.467185797188,0.0,2211.9725251551426,417.76012982896646,2227.456390191848,1361.4002682990758,0.0,490.2525140701182,fast_restart,2227.456390191848,0.1560513017608171,True
125,0.6147789236247962,0.8988151858577793,0.6405577725392495,0.19775235139210676,0.011707197932507924,223.3792322751407,694.6969752661568,61.75284948884733,0.025198465650203603,788.3850828354298,1213.7230311831954,213.9148556425971,0.0,14895.707518230254,1480.2458243396577,5870.324612909182,5215.208357952928,0.0,2050.4126631356994,reliability_2x,14895.707518230254,0.2942999025938994,False
126,0.5857958598417625,0.7498065020321842,0.8988202844148001,0.03340547790276427,0.014075677923078728,199.66501633129172,637.92410517756,68.69153340773246,0.04329249510451967,371.4098628053107,562.7627629896488,68.90293792394004,0.0,22330.522733429738,1570.2971549748,6591.801406433016,6620.0111266287895,0.0,4972.757887040516,reliability_2x,22330.522733429738,0.3233646915665336,False
127,0.5916877802825723,0.9079137128486228,0.8932389285314427,0.3359396028584861,0.011822185791161741,258.89198496475285,770.454960141525,86.01492819108994,0.025152943161278554,341.0213244288643,516.1082963676199,64.908802042748,0.0,22699.189436991364,1796.5868176429576,7056.032638088705,7453.638296627389,0.0,2116.5038696866686,reliability_2x,22699.189436991364,0.33119913840632065,False
128,0.601721968381974,0.7389904757387573,0.6456126582524675,0.20765590931426697,0.01161453968970498,321.8563751802379,726.9283280630924,44.55388086036968,0.024960866863896126,930.5027081975168,1438.6603105351423,249.991029698911,0.0,15880.913538342731,2263.861252630977,6146.252166013299,3956.2810618751173,0.0,2054.567597135898,reliability_2x,15880.913538342731,0.3000732469867743,False
129,0.6387801990861985,0.8181402334225952,0.6486084411855165,0.13165391729084727,0.010580136796299395,238.90528019705312,694.2139103380576,87.43528424954366,0.003862863365198094,862.9468606066803,1330.7981555640981,232.23607554947012,0.0,13965.762367877189,1455.9408769839392,5189.293681463019,6635.912292906971,0.0,0.0,reliability_2x,13965.762367877189,0.293951642013511,False
130,0.46179482258687365,0.9499650257782681,0.8042541998756353,0.14152847904790816,0.009668608574378314,62.62249136374026,117.81937173714067,82.67862524763117,0.03864106850462388,274.05232662010894,414.3026010800131,65.58939827575523,0.0,3377.0609261830505,218.0361413188184,297.10942705501293,4041.702365430432,0.0,2903.2902304847375,fast_checkpoint,4041.702365430432,0.14219008871311967,True
131,0.5801406723320482,0.7751226232566324,0.7484990681357414,0.2253319905139022,0.0054975363268428,187.14392758698682,279.28656921271477,38.66406280778509,0.0273938933795107,472.78617373264933,719.1717002037549,120.29584935537787,0.0,1531.2894780925817,467.18419889663346,617.9868774459501,1538.3812326565348,0.0,1663.5132865564628,straggler_control,1663.5132865564628,0.10871292537362612,True
132,0.47013162482823917,0.8346818140870791,0.8793810059402368,0.2243450413120334,0.009015952999552442,265.30509169712826,801.8678682066334,44.61432122997659,0.0023944786769397597,270.4826202851873,409.050827611798,54.47433390862716,0.0,7523.141510285572,1222.998132237848,4393.269930713675,2844.458906350399,0.0,0.0,reliability_2x,7523.141510285572,0.25395671733010944,False
133,0.5208710186530531,0.7310064535423461,0.8145431977826315,0.1604081444413334,0.007902555994540079,122.66291109834029,552.6273488973793,28.190318731103403,0.011254484335955934,385.6064546277157,584.2585290309398,90.25735116083524,0.0,3363.5009903529244,411.7572385844687,2181.50633804272,1518.499000443564,0.0,124.9012239732183,reliability_2x,3363.5009903529244,0.16423692791168357,True
134,0.4761996075490764,0.9265407881730497,0.632705850571501,0.06488644140006501,0.0045013234728396335,68.31584789982453,189.2697416591313,49.55370631763204,0.0044256917915087126,425.59262655896964,645.8409916099226,117.87468159617492,0.0,855.4416412001447,107.47848409362996,290.603646394884,1613.2969715557265,0.0,0.0,fast_checkpoint,1613.2969715557265,0.0797199298903398,True
135,0.5216602298401302,0.7622418481443842,0.7700824145974923,0.25421304325246075,0.013934141681451089,270.5132018612672,816.6553706712729,20.53885431176409,0.005530455624304986,569.8554238187971,871.1955820098083,140.83523557540684,0.0,19694.01039294349,2104.115897120293,8985.244182962611,2029.9196160979045,0.0,0.0,reliability_2x,19694.01039294349,0.31912408436377837,False
136,0.5198270556458493,0.7952401978580319,0.9268627715118342,0.19563834749940168,0.013782274201106393,93.63059983031977,542.0966031532616,89.35763571962732,0.04255880577168669,258.1918838876081,390.4291304651233,41.028710402002616,0.0,14921.376908082286,595.3743323479903,4949.965345715416,7602.08303036174,0.0,4487.204165852669,reliability_2x,14921.376908082286,0.2939830468825896,False
137,0.45811274437982624,0.7189510830752959,0.7013098119984348,0.056951025304813566,0.009563431604513702,229.11632083953378,240.89476955091214,51.560131866610526,0.003975230766854138,500.38301451219377,762.3072284006739,132.46531558346032,0.0,4301.183587014668,1103.1301779264977,945.564074045571,2946.267757714224,0.0,0.0,reliability_2x,4301.183587014668,0.17478879110557707,True
138,0.5284204523805249,0.8737292295881,0.6410643955820867,0.08879889814225984,0.010421099707004612,373.02139082156236,375.70745240137086,65.01477840281349,0.035215760778366335,633.3999313363674,969.7632549468472,173.17212609884882,0.0,8474.952515204535,2322.3902280572293,2039.3643203407883,4451.7033122640205,0.0,3182.185011791029,reliability_2x,8474.952515204535,0.24646650144934074,True
139,0.4567422818482309,0.9485632674188105,0.9483442174871797,0.11313197579224021,0.0031479100037565995,112.97785940905318,477.9554678153429,61.64390587278689,0.034771484364238735,121.71363708733406,183.2553252203943,15.907204109451413,0.0,418.12567600158945,141.47545342328885,654.0430621094129,1557.893773609656,0.0,2264.577563160572,straggler_control,2264.577563160572,0.09143023041300134,True
140,0.5759667782939801,0.8516735640511428,0.7714688896163947,0.2665331643158743,0.014579797125116974,305.3004387061482,105.886267850081,14.770278529153112,0.04755063710973608,444.6308168739961,675.5305824535535,110.39645631947496,0.0,4947.382677959835,2408.9488016384093,344.6952631096501,1100.8927936055552,0.0,4179.985807120942,reliability_2x,4947.382677959835,0.1752807470123298,True
141,0.5410651279880929,0.890441009885256,0.8049415536389396,0.2531206565431602,0.006129570744712053,195.1623244381603,617.0012636266008,53.4167878874406,0.019933574478559504,352.0786157000366,532.6865141861781,83.83603692711768,0.0,2958.627099127927,558.7187985565688,1919.3649245579581,2306.0571792404444,0.0,1014.4305885117574,reliability_2x,2958.627099127927,0.16894921510093067,True
142,0.5083064244157488,0.7282639001547309,0.6408245004652818,0.1743748212850615,0.00915159851385405,202.18449838192345,593.9185885461615,80.29189523589505,0.008488848639330027,721.5682684332533,1107.751982890608,196.50191654808805,0.0,7584.162195860554,974.0585074165174,3250.767680817742,4832.548949528791,0.0,0.0,reliability_2x,7584.162195860554,0.2418755044654961,True
143,0.5119251691708612,0.8872820751991743,0.8527039979930007,0.02349531263401009,0.010914973824977888,32.37728249430703,210.97723340120797,76.30072571409288,0.0364122959957418,269.64787367081226,407.65957359017557,58.702486642643635,0.0,4265.943839629577,71.15438795542286,909.195372166796,4210.681846130748,0.0,2746.2091841015863,reliability_2x,4265.943839629577,0.16341086262450782,True
144,0.5190496817909763,0.733513344839786,0.7953064995128091,0.07086530828551427,0.003378179784200783,194.6879312504022,475.46731612936037,87.31176288708517,0.019016582888306422,378.8541798298538,573.759118896709,91.41884003747691,0.0,687.085529177115,297.13527390045056,723.2503395795829,2187.8382006212996,0.0,845.5584833172106,fast_checkpoint,2187.8382006212996,0.1118505420840303,True
145,0.4983977366264231,0.7586957276353425,0.8785990749467761,0.014037201428659628,0.011996614384003958,208.6555004805434,773.0141615977897,30.5666259687097,0.0305329713051764,323.81122776229313,489.87408943054834,65.1869165899625,0.0,11332.448359168418,1271.6028853042517,6225.039781837393,2545.4793298776167,0.0,2618.117245577232,reliability_2x,11332.448359168418,0.2822456675958615,False
146,0.4593050056151673,0.8615574065262223,0.8929884240867345,0.33771939917212823,0.010380219605970126,79.82631511619617,75.17438475929043,69.6909626585032,0.025895162353948276,203.68018160901192,307.33013279945226,39.08450987754259,0.0,3200.529949351847,324.774244554319,81.2573963802788,3586.8742680586183,0.0,1539.0128607583392,fast_checkpoint,3586.8742680586183,0.13406259195676318,True
147,0.5692330871430038,0.8695204799574295,0.6268458491875015,0.17079239161710155,0.0077673787628135685,168.74717852912838,311.86830914771014,67.78537836089076,0.044338140983444366,621.2324698171687,950.1163446593309,171.31862233820357,0.0,3560.9125863049594,633.877584273152,1103.2754290689918,3274.30657817443,0.0,3789.590792291805,straggler_control,3789.590792291805,0.16286855017432358,True
148,0.5671909511566825,0.7569791353775007,0.8916683261127171,0.02453841140687174,0.010536812666325213,37.90018752006842,631.9665988442753,35.387596610291055,0.031519215893484887,302.64513744719807,457.6845457228919,58.11026201677669,0.0,5766.248576247108,96.33088071128441,3767.119100749638,2345.2710617304547,0.0,2385.2262144151828,reliability_2x,5766.248576247108,0.21020799099470625,True
149,0.49620694550265315,0.8601923800166983,0.8655164473277214,0.0060779601059285475,0.012323902053423532,59.21133524204032,385.847249521977,13.006366622345048,0.010993021683920351,250.3425321193572,378.3566829985939,52.70306747737777,0.0,3867.6882521049993,237.72259068610947,2205.412534811625,807.6414083902018,0.0,97.07793865561689,reliability_2x,3867.6882521049993,0.1589308763520641,True
150,0.5210528575923921,0.9247009530647377,0.8862225009350422,0.20040820858216152,0.007098991753213888,133.02935750515115,248.5575636191937,61.010309177135795,0.03475018847690161,219.70641791528033,331.6999891650448,43.266374034952605,0.0,2473.39484943101,411.90997251224326,697.7916666252349,2606.1099583956748,0.0,2438.057701146885,fast_checkpoint,2606.1099583956748,0.13447235214044412,True
151,0.538592438492995,0.7560571815371431,0.9157475233964942,0.14454593665414947,0.007732379394488491,105.67795464299196,362.0910359082823,86.11106420866197,0.046711080293065484,242.70544161034195,366.7043604519422,41.527617554253084,0.0,3656.9732609616585,349.27828571226564,1297.9863367708313,3798.21073181013,0.0,3922.6046633469014,straggler_control,3922.6046633469014,0.17116000387117464,True
152,0.4533156075164999,0.8849258924251067,0.603530184820076,0.0790241009234357,0.009068092000550391,106.42709483223574,679.1506979732804,75.05947643639271,0.0185236445288256,574.786549362605,878.2967748007031,160.49775634436446,0.0,7070.5618512720575,438.4274427173041,3794.9221093283304,4456.35080868841,0.0,989.1455925563605,reliability_2x,7070.5618512720575,0.23552677872553213,True
153,0.6051053704234082,0.8330362918699528,0.7060176526771232,0.20511526701424537,0.008234211259517963,255.07157226192842,295.5652683999183,86.75874619205767,0.04217468335787951,589.802331673618,901.2797102519253,155.03139395025937,0.0,4724.700587279574,1113.9030946293497,1116.4039435498926,4322.566245842467,0.0,3700.704000396974,reliability_2x,4724.700587279574,0.19212204089863588,True
154,0.5647358916230288,0.8870360701845493,0.9285193027440346,0.32875250397662026,0.010506311267124029,160.95633324882317,389.75033101860026,40.984317588140634,0.009105229976261014,211.2341729944419,318.84587052933784,33.215127283303445,0.0,5004.825495955334,781.2960226344403,1952.2863748830423,2565.4886968555074,0.0,0.0,reliability_2x,5004.825495955334,0.19322492620054732,True
155,0.5791143511908827,0.7590516099199907,0.9397137784811674,0.17221129479003944,0.011360291024689328,398.31064856503895,312.0120350867039,48.01787860634289,0.01289875000016731,244.58180161907148,369.6284635577249,34.885032973579655,0.0,7682.201541036255,2577.613938830229,1624.6909327250942,3345.1011900957164,0.0,319.9468872661855,reliability_2x,7682.201541036255,0.24126167917410268,True
156,0.642228739891271,0.8511409734107915,0.7246026233760847,0.15543352876945704,0.003513000378907288,38.407443429269456,218.30463516038478,69.03835232179004,0.024463141638776578,484.6451904110145,737.5356787922174,126.0596025134073,0.0,507.014335060805,32.0362890616816,279.20914251223076,1813.9141048548227,0.0,1317.3514888164245,fast_checkpoint,1813.9141048548227,0.07627623502144848,True
157,0.5849287174119617,0.9259639249213811,0.9122696649838027,0.10672773546715421,0.010098355915736526,104.75536010196058,807.3510180569931,36.08191466649928,0.03276622618135063,246.56944671541714,372.66288054307734,43.04480195781798,0.0,7409.7335647121,449.97885783757374,5086.97497769292,2479.094557902874,0.0,2696.5653144855787,reliability_2x,7409.7335647121,0.24429097915345213,True
158,0.6997282796449615,0.8752809934944215,0.6665152725027147,0.2787183138886651,0.010257862234012005,56.41644594475649,154.29476291961387,75.29619893214272,0.002346433659468211,668.7485466263424,1024.1891097432745,180.06831677427544,0.0,3792.724474163544,201.64020305767554,531.1190944613954,4056.9679375046617,0.0,0.0,fast_checkpoint,4056.9679375046617,0.1491694124297115,True
159,0.5452630688597231,0.9472236017783972,0.7782085498759429,0.07871720037560918,0.005777709551684266,68.2883903012484,540.7624384399788,77.34851265066911,0.03779236459035139,353.91565072289814,535.4685713486178,87.47789810281392,0.0,2472.2002673785937,143.66455230716383,1547.399814775683,2907.4259762116344,0.0,2876.0327610713357,fast_checkpoint,2907.4259762116344,0.15202172407571363,True
160,0.5584889011476348,0.7082500827962983,0.7914265330433576,0.2958960597922598,0.006051075427424477,275.6964339802556,183.80649626905438,84.19005415197988,0.026709974846545283,456.1069430393436,693.2484826646833,110.35885925060938,0.0,2399.7102752265055,833.840371898219,394.0763181127804,3145.1883138554695,0.0,1672.369242619603,fast_checkpoint,3145.1883138554695,0.142441805957167,True
161,0.5432661519208647,0.9425268221851607,0.6370235375965151,0.1762997366860595,0.005205682301547604,37.21757795653706,337.4191043329865,39.60317386390816,0.0337039468076584,487.10403119525654,741.4214508439691,134.35405105146856,0.0,1250.4876163122972,44.72948737751358,748.9287193754499,1507.025176037183,0.0,2263.258591021662,straggler_control,2263.258591021662,0.09492019272634168,True
162,0.5632257498359197,0.8924206638900509,0.9058465382921186,0.20947605194328453,0.012750573225997451,314.7042429690685,685.1422972043746,29.564857364092084,0.046545463467115036,284.26113955436085,429.96196808237073,51.24803941643768,0.0,13558.430758035589,2262.798555378886,5749.100260417319,2643.065462757073,0.0,5135.144370061698,reliability_2x,13558.430758035589,0.29647273157781723,False
163,0.5833065651989059,0.8886196358190189,0.7313840320899385,0.19991791411651508,0.009838753873354129,309.54395220541875,657.0293206955093,48.334264930631875,0.015488390848222783,552.3607056068868,843.6371514325801,142.29512141755185,0.0,8706.525243212025,1680.6384237911552,3928.7626950956947,3349.6389279388786,0.0,649.7165219445451,reliability_2x,8706.525243212025,0.2583536019092835,False
164,0.6477914460472853,0.8169912233799482,0.7490517145475346,0.10462759968676881,0.0030838972240926485,385.13506573088694,477.9175989822071,81.6083585999496,0.009714262414123365,491.57686617441504,748.4370161532352,124.92589449703883,0.0,511.1225781012363,576.491432852763,663.2168973182233,2006.4380510741285,0.0,0.0,fast_checkpoint,2006.4380510741285,0.11539391138162704,True
165,0.5484269129642079,0.8196761766077902,0.8385481904265516,0.01647159128715075,0.008392933273226644,89.66861427791466,298.83768673531813,61.61968339769822,0.013805844476420621,320.4698743912086,484.62876057514586,71.88222836970817,0.0,3266.9548331014958,302.03075656525107,1081.7070569676434,2976.9367103237455,0.0,372.54203568772937,reliability_2x,3266.9548331014958,0.15277987780893237,True
166,0.5377956134038079,0.9202602286115812,0.6519192034957255,0.06205498482648895,0.011401739608926592,382.4619883221338,195.33077714627743,40.04276604044213,0.012943126203459155,554.8835668255888,847.2758594733641,151.36423061525056,0.0,6255.47252946908,2514.3293888698026,852.581907855234,2830.4294657495266,0.0,320.76422863257903,reliability_2x,6255.47252946908,0.20950301696730256,True
167,0.6642677686253954,0.8993113299417336,0.7692072949775112,0.2348504755423921,0.013905441594267529,121.00597240887085,680.880201349945,47.0683330943379,0.012285875612043251,589.2374860853706,901.1553798439527,145.6824513843203,0.0,15426.915552023733,813.837768686928,6939.263774762534,4404.683608932777,0.0,286.23529234657326,reliability_2x,15426.915552023733,0.2954979386204325,False
168,0.6408537960770742,0.7408035887999942,0.6860244331762999,0.017319137526836163,0.014341159264139813,31.430394714155938,818.9264255728369,29.380599483023634,0.003127138253033651,840.0495065714349,1294.5412400205314,221.17393901592004,0.0,15318.040803202075,89.747223158407,9796.58297046355,2900.781806841529,0.0,0.0,reliability_2x,15318.040803202075,0.29271492938910615,False
169,0.48331003449891524,0.7820527415040333,0.6234283793430097,0.20689800768665112,0.00816388275494138,196.14659652350568,832.0398484496836,55.376915893734406,0.013351440195747988,668.7334828772109,1025.0294393322874,184.21552316514135,0.0,6729.084982044398,808.7129072026037,4307.20999769272,3289.993381036751,0.0,387.21923581770534,reliability_2x,6729.084982044398,0.23906557671452455,True
170,0.6185804335321914,0.8276534000717395,0.6976047978567566,0.3397562668424282,0.009157746203579757,305.60294554562375,328.07598639506625,46.2740696688231,0.04072678581773991,631.3086047251745,966.0963303938006,166.6750369981055,0.0,4963.712111266872,1505.492995105942,1405.0168221264503,2782.221188351483,0.0,3544.78548887539,reliability_2x,4963.712111266872,0.19293746851067917,True
171,0.5026677843078987,0.7994699598439422,0.604040340478576,0.04097963282791139,0.007871791521261058,46.706039647680036,659.7052750309065,39.66730201943512,0.003658743117644875,627.7146113851195,960.4491725784392,174.8972882234848,0.0,3935.5491509194035,108.87954031528352,2860.0154691260104,2152.180591864795,0.0,0.0,reliability_2x,3935.5491509194035,0.1781222304952841,True
172,0.6495432478430316,0.8338101698861797,0.9000631103871567,0.11739079782087823,0.004527678627337806,134.00138424482276,70.83226773534507,67.5661126143796,0.039769334685082425,254.01139702658475,383.87877179355564,47.143792421655235,0.0,906.7075961663068,255.59024794249854,23.988077322748723,2023.0979296726691,0.0,2725.3380669890357,straggler_control,2725.3380669890357,0.08389812133200852,True
173,0.5817688320405675,0.7732519718907018,0.6261794528243319,0.12580633024984897,0.005557058691066181,298.59221604366735,170.49201457934558,83.51467722716554,0.011355759045198472,669.6976671547163,1025.6684989836212,184.38766562439923,0.0,2096.555798942354,843.0990798425337,324.9257423056042,3002.6820950765687,0.0,133.29417304221715,fast_checkpoint,3002.6820950765687,0.1350679581702552,True
174,0.47507638305650624,0.7579847672174979,0.6172528637100065,0.19504184742746566,0.0027524147149021187,397.55595100084264,515.0048241985137,12.24915191911707,0.01047775783628286,535.4808391799961,816.8237376721809,148.9450845441861,0.0,152.37755908477266,511.9363295856201,620.938429730475,316.0260301332164,0.0,43.22006599325687,bandwidth_4x,816.8237376721809,0.07634445451567719,True
175,0.6577807317899663,0.7116693735831257,0.6087806494044471,0.2988310742542268,0.014948833141330069,122.02711066954569,501.6262361182593,29.028374085722906,0.0025239641324058984,1050.653757702461,1630.0072596765422,286.28640435113994,0.0,10797.010644013091,882.7383917867082,4732.891296612608,2780.1720331342694,0.0,0.0,reliability_2x,10797.010644013091,0.25209206446251564,False
176,0.6222632187109535,0.7065034351802589,0.6524921756244513,0.33344359796358103,0.005350700340629375,255.29586213793297,748.4746249959189,79.13554089150533,0.043395696241386505,818.8100291145674,1259.7262412993368,220.70519300586602,0.0,3131.4397490028787,700.0822362685321,2236.967349781542,3145.8639357859756,0.0,3900.446167173697,straggler_control,3900.446167173697,0.18511786258560647,True
177,0.5747241530610742,0.7168516208929464,0.6339830273846646,0.05226249888901481,0.012517425462981088,395.99877827405686,435.9894115806323,35.15119074558362,0.006533989159154663,861.0399940333518,1327.2494868301765,233.68780984124896,0.0,11315.884994683802,3073.4012042424,3073.310678232545,3048.664249648067,0.0,0.0,reliability_2x,11315.884994683802,0.268988452896755,False
178,0.5952576782043735,0.8295878159598573,0.7735853711721673,0.24181965074143505,0.011676461213452245,363.03087777124796,870.8331416999882,56.13733700421162,0.04905184673807131,624.8938142397092,957.3333407643113,153.3540594608421,0.0,inf,2705.3707803771176,8603.163975376723,5292.812562660136,0.0,6630.437552718096,reliability_2x,inf,0.33868990534177307,False
179,0.5374667657533971,0.9477414816615638,0.8611861125651161,0.016237111614790137,0.005813907013455706,315.70379436927715,680.6138328641781,15.905202951458168,0.005133179914998698,249.36769328347873,376.87513097712144,53.14049089524633,0.0,2367.691526774772,863.1927396378524,1922.031841754815,695.6528639260068,0.0,0.0,reliability_2x,2367.691526774772,0.15384631522666964,True
180,0.6799900621768323,0.8325120630627088,0.8302160398977699,0.05226524733096316,0.005210126496252707,136.15310377822075,206.1445101097413,31.943290147821063,0.03001344947885043,364.6573335204521,551.9253082018586,83.0283587796439,0.0,1089.679400396064,297.51791840883016,376.0244678934432,1213.3406780313999,0.0,1831.5767159369752,straggler_control,1831.5767159369752,0.08604564829352879,True
181,0.4704692218453566,0.8851113124274341,0.8406597291772747,0.2673794578587471,0.011147273441191489,192.23153661091143,260.3686767829131,25.235415929074584,0.04331044566944703,270.5056080770446,408.98976905659583,60.558784801371075,0.0,4105.536086625139,1020.1287902424592,1198.8688855091605,1658.8150351294134,0.0,3540.9907712296736,reliability_2x,4105.536086625139,0.16544703399678595,True
182,0.45070151944084114,0.851581102771622,0.904590108119626,0.043105842625273644,0.012007848239569128,355.60210632610574,699.28987346393,50.198216630351624,0.01457988606037592,244.79687557036232,370.03928090820045,44.506738725973264,0.0,15723.151845349767,2523.219053132212,5644.009368334369,4266.657049522506,0.0,579.0562060234734,reliability_2x,15723.151845349767,0.3127537368037058,False
183,0.4742018941399706,0.8112392760405536,0.8298464589628933,0.17376166610957955,0.007803616375147017,80.07288011856856,156.9448569956318,40.91325868116851,0.006143429995892353,279.1870125838468,422.07606325101005,63.87699817016619,0.0,1951.0124467667774,233.54658755509445,380.0818923959778,1900.483322531105,0.0,0.0,reliability_2x,1951.0124467667774,0.10556944047145332,True
184,0.6724703644817887,0.880794831722823,0.8459227598075638,0.29876576003501293,0.006857903755977636,368.84037860231655,371.73675825760995,53.57135542907683,0.046190112608179484,377.3657947325337,571.5666405552547,83.04272987393415,0.0,3417.3044963300163,1313.3585360316793,1164.6127964370316,2499.984947056015,0.0,3961.531024068274,straggler_control,3961.531024068274,0.17467582654031413,True
185,0.6415793930064735,0.9445395062356977,0.6147835185357476,0.04281942053788414,0.012249730383650542,324.4218199170156,573.7077781772516,71.51334564073136,0.004815029691967099,832.7621419203751,1283.5485103145038,228.32992662044126,0.0,18422.418768296346,2512.0980139286257,4781.319639270827,6339.402611710735,0.0,0.0,reliability_2x,18422.418768296346,0.3073095644201377,False
186,0.5351679644847088,0.7118207930400067,0.7517792702693962,0.2908591975750494,0.004234286851538402,142.45956280788346,409.6011698381448,48.588504473475396,0.012760607397263991,468.75746083718695,712.9051555057813,118.88823118607615,0.0,1031.789931517349,259.3861561518679,761.3441987772931,1589.4842375071858,0.0,256.4218287274998,fast_checkpoint,1589.4842375071858,0.10310764019324137,True
187,0.49200057687401344,0.8750538427244102,0.832464565392234,0.18199289983756123,0.012733472715613174,261.9686986456405,215.46119090233137,59.892147846361894,0.003717790020845363,316.61754959719474,478.8770954623251,71.9300964155409,0.0,7293.931000793589,1812.3520400597154,1120.1159938939527,4254.042522864955,0.0,0.0,reliability_2x,7293.931000793589,0.2232626688175699,True
188,0.5025624893174482,0.8005582541478553,0.6197203821380123,0.16874620689996597,0.00557014252405799,147.61682669189926,316.36269989518445,26.16628398325341,0.010361361820954353,549.0014406630289,837.7701404013933,152.43267069750436,0.0,1402.7259722093222,357.75330370196025,733.4410118483647,1094.675107668434,0.0,33.69894709630171,reliability_2x,1402.7259722093222,0.10010451994972976,True
189,0.6487553241720274,0.8733702894930578,0.9458040249854842,0.03365267097098477,0.014311189095431897,97.56989215970475,82.48311692753174,75.68462130551573,0.0017177046571935917,203.06578304837967,306.40505646411475,27.22624537086449,0.0,5314.956683293167,601.3644117797121,170.29283058419242,4916.710587460893,0.0,0.0,reliability_2x,5314.956683293167,0.1771685381482169,True
190,0.4919396430905235,0.7541834963744359,0.7057131040660093,0.11316258484190171,0.002324726525430501,56.53841174819515,354.7936272718857,78.77688569167505,0.019648088683496462,441.20740819278944,670.0222889648721,116.68786688923501,0.0,0.0,41.615164795235614,341.37222597491564,1578.3548601352268,0.0,865.150466287294,fast_checkpoint,1578.3548601352268,0.07005761075509383,True
191,0.6118083363869744,0.7550984827179977,0.905618028305406,0.18316709726563993,0.0042220828109859046,320.69470198402973,410.1228763983625,21.385493404598613,0.008943765729222425,261.1918265767854,394.8539779237144,47.18209893445601,0.0,962.9145038068127,619.7474476050411,726.2080772147056,752.0822982825775,0.0,0.0,reliability_2x,962.9145038068127,0.10129331104486719,True
192,0.473411494406715,0.7655070369084316,0.845269592527127,0.07386790312454984,0.011859050406908515,39.91404553251607,163.1591999259873,10.313794554098672,0.014181480169907907,269.04568358265533,406.7412365692544,59.60443575736281,0.0,1952.1734635566172,113.41068725015793,603.4249609444487,511.10970660027306,0.0,377.0279408370625,reliability_2x,1952.1734635566172,0.09277874220217293,True
193,0.6912803053737216,0.7342488315544293,0.8059683307929109,0.07356507926382469,0.013670857222545678,183.35049627514704,835.7252784626551,5.584379731375201,0.0432003735049805,609.5583633383176,932.5733193115666,143.24842215758326,0.0,11397.078738780678,1212.4334664087146,8182.884982879121,93.99854374183269,0.0,4483.220054034064,reliability_2x,11397.078738780678,0.2767078131908428,False
194,0.5575944664236202,0.783059237274653,0.657871246293017,0.29250825428861227,0.01129685022249758,67.5263394082841,382.07474661178674,53.54412055490531,0.012575904451831344,661.0059308217315,1012.5521115039191,178.89610529578567,0.0,5678.355328507972,292.55631786278536,2210.672011651848,3547.9784728850937,0.0,276.642966968775,reliability_2x,5678.355328507972,0.19437612723186995,True
195,0.4584303743891573,0.9461169904828075,0.7118497015109205,0.1268974117270295,0.0071348564458926685,287.9989435556312,576.8884241882081,53.57340169883461,0.005604461904773256,391.83205816148984,593.9134687218575,103.2704542792053,0.0,4174.100183707029,1040.9846767233757,2133.718159499411,2650.208799765631,0.0,0.0,reliability_2x,4174.100183707029,0.19574542329442984,True
196,0.5704013131869359,0.8458466759660707,0.7384294373758736,0.23855145718428436,0.007719886040001832,286.9974118621696,155.5566920125963,88.39761802469512,0.04644953507079778,485.5286879871928,739.0806579154232,124.68367886391934,0.0,3707.2624071623213,1169.4600854980563,400.78285719297855,3993.8467749071715,0.0,4014.3219908115825,straggler_control,4014.3219908115825,0.1684073413761476,True
197,0.674221820465772,0.7481781941751384,0.6363995123439107,0.32079866253714806,0.013880148701910804,160.4089080393615,183.60070645878088,10.46782574995426,0.034701129851260226,810.6726179681646,1246.728778579647,220.58435211855613,0.0,3745.717241993556,1053.6002758864197,920.3195480359282,642.0517740315518,0.0,2620.030983059798,reliability_2x,3745.717241993556,0.1435703850178791,True
198,0.6536955616354088,0.7085003936922665,0.889363182822572,0.07899542688227068,0.0058852973470376446,310.9077297972095,389.62306959934205,5.519381507529829,0.031691682223637,320.15934358876984,484.1653623949751,61.97428865497204,0.0,1520.689500027387,841.07736692443,959.5625978549106,41.67423092937679,0.0,2037.8012566274483,straggler_control,2037.8012566274483,0.10868841258698209,True
199,0.6970239599257304,0.9044964170773697,0.8339190404280272,0.1841248535659718,0.002740014917685512,391.18685209295035,415.7007135183364,56.600301267688174,0.025603348755794765,350.128324869529,529.6312844641106,79.18169054246755,0.0,179.94876343162105,505.2519939518497,483.71507720140653,1380.1353633581493,0.0,1435.9180776735811,straggler_control,1435.9180776735811,0.09360406570391562,True
200,0.4585526256277799,0.7452610245806611,0.6092394506979146,0.17312168883895265,0.00981862748318723,388.4446383336537,163.4192269264698,45.16797313802013,0.011056729103788316,628.3817278297647,961.516324799024,174.6607961099362,0.0,4914.736912654724,2147.663221541032,550.2882360323092,2794.5004467265244,0.0,111.80061834795197,reliability_2x,4914.736912654724,0.18772330076269336,True
201,0.6487439050880559,0.8839111949607186,0.7325177560022925,0.1284489280963032,0.012718096511292399,288.51889037868824,405.24410656164525,58.28559638370383,0.01368630227511794,615.6875825739226,942.1749258515993,157.984273287846,0.0,11093.171161531278,2131.748440872958,2866.8553844564303,4722.674938167551,0.0,442.09199372368676,reliability_2x,11093.171161531278,0.26687745918952416,False
202,0.61356905365422,0.7441420376930113,0.8961464561315962,0.0688950578421738,0.004956031635006139,392.21391977322173,583.2744443922068,81.93610751884036,0.01986003706226308,305.1859049426057,461.49136541509506,57.497529835538444,0.0,2438.536924014421,979.8707261692361,1410.778277233534,2822.943461344141,0.0,998.7604261002452,fast_checkpoint,2822.943461344141,0.1736955969271606,True
203,0.4942477636844273,0.8417590899973731,0.8223026850942924,0.1069646356670932,0.00956315611985223,261.8555425912067,729.143751622943,31.67390330055646,0.03424321430122534,353.9982128401607,535.7423101416971,81.84441529760443,0.0,7207.951339983112,1282.2926760119262,4151.230643710707,2155.534032840933,0.0,2920.0797644006707,reliability_2x,7207.951339983112,0.2425536105920622,True
204,0.45349706875784107,0.8611518918550727,0.6241443768641967,0.01328931866667875,0.013264308276330915,351.69245018016045,772.2818460697697,86.81049363603718,0.017548472812653655,742.4042534157015,1142.8168807699876,203.24281974877886,0.0,inf,3320.3779443938693,10097.06451040478,10681.091501163104,0.0,1164.2321593349043,reliability_2x,inf,0.3726280675006886,False
205,0.670755426553591,0.8708620020342883,0.6636852193048359,0.12563199048434817,0.00766321340227892,283.2692169228554,109.46709041556235,69.3668398827932,0.014340131351345549,638.9244360913945,977.6857213751136,172.5439313604038,0.0,3105.484370158385,1124.3670448784396,200.52759119487382,3194.7035666147676,0.0,435.5675194863834,fast_checkpoint,3194.7035666147676,0.14889634243317681,True
206,0.5182958339484209,0.7336728529520221,0.9149893576777371,0.06361270652564928,0.012913122332477427,143.963090843033,60.22808360061347,79.88009159195917,0.03502993687681826,240.64099895891195,363.5534343317631,41.364813944190246,0.0,5097.526174013674,891.2567107776958,1.5624754182972538,4893.201719543438,0.0,2624.858800654678,reliability_2x,5097.526174013674,0.17536071189083804,True
207,0.5300045888509668,0.9200780153675996,0.7578376508655319,0.16016983857695094,0.004296549204484816,267.7346152235429,874.9724828898338,87.34130933425656,0.010821595476742087,390.1989694886506,591.3336548969091,98.58307674385651,0.0,2000.503191403328,558.1366297278837,1991.586808609005,2776.1542671567877,0.0,83.1651207944742,fast_checkpoint,2776.1542671567877,0.1722770070055897,True
208,0.5479274675734344,0.8502733133347076,0.8373442418278452,0.3355191172036951,0.010550411905765784,59.48487120676826,118.73728089008743,58.874907661616376,0.019436294566852953,314.13446328505233,474.99524928136816,70.66662707327123,0.0,3161.296497406842,216.02925583121396,323.3551424874713,3185.084838334311,0.0,909.4194048161371,fast_checkpoint,3185.084838334311,0.13243203991403885,True
209,0.6076547270829231,0.8706744990559402,0.9449249183257066,0.19995220663167823,0.010647061475741052,365.8235180979989,300.3121782843187,84.31677945495733,0.044038849458352805,223.33887709941337,337.2823494125805,30.216660425121518,0.0,8250.431298885971,2262.1862079676866,1505.0324478667644,5324.30531905637,0.0,4212.945407832605,reliability_2x,8250.431298885971,0.2489867744377328,True
210,0.4768048751155001,0.872619076265527,0.7077718158410723,0.21891330479749296,0.013402961397710873,107.96163688663958,710.0889391053344,24.333045929985346,0.041346909126367404,509.0033961012341,776.1708759596804,133.9532213864004,0.0,10973.828710704347,649.8619644911923,6578.536108327033,2168.274762385685,0.0,4178.449270861111,reliability_2x,10973.828710704347,0.26697943536988394,False
211,0.5955190452936701,0.9314289558305818,0.9373134722089473,0.1613616151192876,0.009246543228366086,389.5713315112483,220.2905757231591,39.68039110886864,0.049866046239109355,195.75058727716169,295.3005794112505,28.623576695907104,0.0,4396.938720163253,1915.8200065720266,779.6250573723119,2301.3541487895855,0.0,4388.13490268225,reliability_2x,4396.938720163253,0.18485660319977182,True
212,0.5800573702596921,0.8460415077208838,0.9295604697593893,0.10741232518461552,0.011606876982466558,395.2787274632038,512.0860834199167,18.302840991435033,0.006568454687941106,237.94554883222736,359.53358812068836,37.07532184338561,0.0,7932.143671842328,2503.151570123893,3112.9276289440677,1359.63181558414,0.0,0.0,reliability_2x,7932.143671842328,0.24874677203272905,True
213,0.6047306086939734,0.8340080764662843,0.7389068782762193,0.07815563974533266,0.014398379525982365,380.74107480549145,67.22767385508519,65.73639245877256,0.026410162681008428,569.5026808414877,870.0615644044738,145.61674057954588,0.0,9445.889306189234,3513.9266664713286,58.00578302077702,5358.073482980784,0.0,1955.8201931574367,reliability_2x,9445.889306189234,0.2411301347913034,True
214,0.5578068149638651,0.9015871769572874,0.9182254114872909,0.010883368521796694,0.0016785626103948375,359.3132117252984,232.10434093854505,66.96792737351521,0.02184366556619545,177.8079082827062,268.0648380287457,30.046503712321282,0.0,0.0,271.8233878106512,136.79320598673075,1134.3956357325915,0.0,1022.6667401152372,fast_checkpoint,1134.3956357325915,0.060290112125216525,True
215,0.6893134992599682,0.8308486113959298,0.6162733231839171,0.052644717868338166,0.012093964802621334,89.71431144787547,280.3422993454284,46.539652705252905,0.003955497124506141,792.9184625752387,1219.1762848597646,218.09244613340343,0.0,5200.086475933276,461.2654099522115,1551.576380201659,3209.9488084197765,0.0,0.0,reliability_2x,5200.086475933276,0.1799760519869421,True
216,0.6747073579823478,0.7301085877898403,0.7590639893237315,0.2554102249458529,0.01263037853407419,47.30946666224669,816.9029076292537,31.943936359928326,0.04073216802708323,727.5109804894928,1117.4078061917244,180.85008457031654,0.0,11615.395819734622,188.7672278589671,7789.720175954029,2809.5355076455016,0.0,4190.195967682685,reliability_2x,11615.395819734622,0.27321710179351893,False
217,0.4670183772313064,0.8481973711312893,0.8250156159792148,0.3346192521596344,0.0018198824274348773,273.83350065562354,586.856679322027,44.81605817248722,0.041107789012383246,262.4705480752382,396.7755183306035,60.65659299341132,0.0,0.0,222.7770742501816,468.4453029585893,901.0058314944545,0.0,2821.6259014626776,straggler_control,2821.6259014626776,0.06742541017072626,True
218,0.6754944547886783,0.8509013971561079,0.7981612980970344,0.29206389850762443,0.001517717835401905,60.026296253985144,802.3611430629483,31.953652968078718,0.02509880399627211,397.87932212403393,602.9917548373887,95.52924737990179,0.0,0.0,28.804712576111342,549.115024306524,614.7375893532808,0.0,1326.726690488129,straggler_control,1326.726690488129,0.05439321976569736,True
219,0.5466651781140514,0.8600760028848706,0.6461255203530453,0.03839382935408589,0.005670654735460702,354.40506364451886,236.9331740133056,20.121863283766892,0.01157157974224652,522.8619985781188,797.2614158165197,143.3584367513904,0.0,1588.191753116953,981.085813204154,504.7936305340336,863.0537722082627,0.0,148.06679716064536,reliability_2x,1588.191753116953,0.11092277737620422,True
220,0.6326454628105739,0.8466364705533778,0.9328812386122619,0.05196567191614264,0.002666742366817802,295.53450141262863,240.0048676758205,53.879866292088536,0.004969522485474826,195.240676559828,294.52494263658446,29.663011117190763,0.0,97.87017208758334,352.95627466034057,228.93718084791544,1249.6963795008742,0.0,0.0,fast_checkpoint,1249.6963795008742,0.07498117937830215,True
221,0.4541167783209142,0.7831407549838337,0.7383365602984853,0.25204200044306563,0.008437631154312956,399.04761528413115,506.7589835989224,34.659832346031784,0.031166003461070527,450.00117154254986,683.986867970998,115.66506305511575,0.0,5337.603794846029,1829.0387388092713,2202.351077530275,2090.3160443087727,0.0,2419.6433352532804,reliability_2x,5337.603794846029,0.21220967139923722,True
222,0.5761622543880107,0.8745985001248745,0.7861611102158632,0.174774438288457,0.0036131627956880216,170.05876216068492,197.5414265039568,6.251939516751107,0.024382618959391575,341.5337665263796,516.5616958587962,83.59333401188997,0.0,309.2541246547444,257.0859628364087,235.36367014809002,71.26000031205331,0.0,1247.4160454724624,straggler_control,1247.4160454724624,0.04703259914387092,True
223,0.6928354405328846,0.8548384480931859,0.9461087348595154,0.06569174281458635,0.014407510457309227,52.8245603933887,135.8613949791432,40.44992024187364,0.01438870406467363,211.0352994314453,318.5171948323041,28.182532001843356,0.0,3946.6655564747234,240.7472299913461,565.9903482387381,2786.876515844302,0.0,419.7896982509483,reliability_2x,3946.6655564747234,0.1470031387496147,True
224,0.47545533184593575,0.7533379770975849,0.6346585367868697,0.019778175429138997,0.011901350370048821,203.54667082883006,801.796948106097,23.925252151006667,0.0461850347247135,702.8716639922532,1078.7689962681798,192.12455941253575,0.0,11708.436037118474,1264.2151955871777,6864.694487331642,2062.4829596867494,0.0,5127.606240836129,reliability_2x,11708.436037118474,0.2771589000895257,False
225,0.5698831861670943,0.7836922796845747,0.7837188952628431,0.061501523547907236,0.012288641902397316,322.8157225148182,84.23939301840001,30.216322074266273,0.03138023533114869,442.1182230314407,671.5963534358416,108.12423375708022,0.0,4675.832254213565,2142.413881680568,153.41913857688996,2116.586529560758,0.0,2265.8153543694716,reliability_2x,4675.832254213565,0.17362575903271538,True
226,0.6196751140764786,0.72960088461956,0.9094195933952065,0.24159257943868465,0.0057895535849985845,395.3378616599612,275.76076045722425,84.8270779586331,0.036658912759322565,294.6685291163194,445.5405385417798,52.10981606093628,0.0,2680.371316358978,1179.1751799105732,657.6325533356285,3124.720716873533,0.0,2758.145112314971,fast_checkpoint,3124.720716873533,0.16295094308754926,True
227,0.5731470051927017,0.9170698911065271,0.6495938582196298,0.04613677614781744,0.003016553233277829,357.08303333890234,333.040702843961,55.83534031053902,0.04071773386276305,502.1570634606105,764.8622344866344,137.51178001709923,0.0,362.6481633361145,517.2413234456035,417.1406249689644,1470.2561984838467,0.0,2957.547468269928,straggler_control,2957.547468269928,0.09274466401866613,True
228,0.472323468805564,0.8955462621540227,0.6734098598664404,0.3380661137655033,0.007961116658411708,294.224879438283,789.6859874664805,42.172112092912826,0.0022381642950921044,507.67441708576007,773.9579368653322,136.91608916213227,0.0,6073.768040576488,1221.1102668362946,3737.494723628475,2500.5376882110286,0.0,0.0,reliability_2x,6073.768040576488,0.23250089741072885,True
229,0.5272435322177875,0.947383436112448,0.7624432220093644,0.03881899187638912,0.01454935007594868,131.70429250644423,291.43180734138014,26.997305621451073,0.0275912809910937,383.45250750227933,580.9940124339664,96.41649251326453,0.0,6023.077999228728,879.0716826663302,1932.5124464098699,2171.3578885329625,0.0,1915.3929793871466,reliability_2x,6023.077999228728,0.19644951724346102,True
230,0.6307781102148244,0.8995789736045566,0.8526527983774776,0.31636363047691946,0.00960046865728327,126.15198230912536,456.46484119161386,81.77988986871867,0.006847166428605534,358.601545853111,542.7628952566629,77.71326014237638,0.0,6030.264419313789,558.3503537629585,2306.5272139641165,4565.785116834508,0.0,0.0,reliability_2x,6030.264419313789,0.2161916962679883,True
231,0.6522472020502734,0.8602499915534144,0.9380380524748975,0.06304454554355794,0.009960825404181353,113.93595845194342,95.32277617551395,25.601959145931243,0.02334228871240536,199.21861241856095,300.5607659200432,28.920869092213252,0.0,2124.6229170593324,463.24454510311625,171.47745188922636,1411.7453198158219,0.0,1219.1383272634594,reliability_2x,2124.6229170593324,0.10364668331356175,True
232,0.4543641972857846,0.8781987920399026,0.8485677593809059,0.1390565187384334,0.006160429232777863,369.37151355198785,61.22284492426579,89.76623649688014,0.049719168322645335,244.6388855866171,369.63399677394045,53.85378349936218,0.0,2439.6772735664163,1176.5119041519356,3.860634007356566,3296.137699156254,0.0,4099.316312161998,straggler_control,4099.316312161998,0.1433282079367441,True
233,0.6825897680999469,0.9224688794258423,0.6101864080381406,0.24994536029768988,0.001588486688661905,353.3335445054175,553.0502294173897,10.918427281178126,0.03347487575617888,619.0115968097525,946.4005598751137,172.1407640055877,0.0,0.0,257.55198099372865,383.76873205324955,196.72560393588356,0.0,2117.865125880857,straggler_control,2117.865125880857,0.04744804199160419,True
234,0.5275484142416885,0.8759712681136458,0.8206913947170223,0.15876008535710998,0.008686443732137478,222.25546914842167,450.8391046184678,53.193559786551184,0.022547546163295146,340.099110008392,514.4582409792492,78.9215726699149,0.0,4787.588976513816,955.8771846727541,1953.1873920354155,2939.606376790358,0.0,1342.770512892068,reliability_2x,4787.588976513816,0.19699235809971022,True
235,0.5105870499640467,0.7015889432236617,0.7174778073285326,0.0640991520836645,0.012768573835978323,153.50725213158216,851.284118339897,15.636332676512302,0.032789410949798356,649.4642766226789,995.2243966493188,168.57437592681163,0.0,11977.67635598881,944.8196231907859,8068.630597886215,1323.1569247862171,0.0,3022.8522257271215,reliability_2x,11977.67635598881,0.2798293407979691,False
236,0.49321921068125457,0.8392372755044529,0.8622346168812719,0.03725033936572432,0.009917686516115782,176.08281103995674,161.1496284881466,5.389932850257547,0.024758650110650676,239.89272638786497,362.42066404668367,50.9879543540992,0.0,1878.6632118577218,760.613024392278,485.14589138780866,40.526613302048645,0.0,1355.9539316721348,reliability_2x,1878.6632118577218,0.09882830130526869,True
237,0.4532086032132052,0.8175543892883463,0.8639527980682375,0.23828537441449502,0.00473941593178013,118.29496392636767,243.4291678096878,29.496154086333313,0.040242650129996026,225.6008134360818,340.6576852737053,47.75035396691237,0.0,901.4118864164266,226.47293615524904,427.29847181352307,1065.7777781713048,0.0,2776.4710718096176,straggler_control,2776.4710718096176,0.0806622060905762,True
238,0.6572331267903091,0.742840835177859,0.8819928235094746,0.1121473698489219,0.004420155938269812,320.0538031304308,392.917249577825,43.30644242808798,0.03563625117874219,326.5889194802621,493.8936953774755,64.96925371709585,0.0,1266.6107957082131,668.8144303753907,745.4706448061079,1490.3926725254387,0.0,2467.2919807233484,straggler_control,2467.2919807233484,0.11811451241400373,True
239,0.5841707954002637,0.7757916886325213,0.9189778864427206,0.06845956016031117,0.002600638524213205,186.6282700217313,460.93275700591886,79.01890966283484,0.03467777340445951,220.73941061730147,333.2632609986249,37.05253133590304,0.0,73.6823803850748,210.8149346299033,515.2727182121416,1681.6893448677765,0.0,2251.002802297542,straggler_control,2251.002802297542,0.08908522970491287,True
240,0.5380079571612912,0.7469702293548217,0.8567010024703086,0.23836733166514748,0.0033048348283026144,241.59360276177873,382.72757937595765,79.39703440005188,0.02293203944376795,304.8942438414815,460.99650420936814,65.56982856732793,0.0,585.4522928603146,366.3611371440711,537.8638728014303,1983.304110496163,0.0,1199.72072097391,fast_checkpoint,1983.304110496163,0.1040330377233083,True
241,0.46401801100866336,0.9132998224778484,0.8002247077666167,0.3114704768359568,0.003224835251897938,141.2452319267443,524.556922568563,40.85681911029737,0.0029454028092644694,271.1951107739951,409.9936039315362,65.29791116877459,0.0,445.2205829928607,189.34228956564039,748.1805739482952,1155.2961232084308,0.0,0.0,fast_checkpoint,1155.2961232084308,0.0887439154949222,True
242,0.4597493677820949,0.8259162366433419,0.8650208756740843,0.24787470348672186,0.00430100558004941,226.16030322882582,714.169350703476,24.418902859772523,0.00997008792141379,236.70531871887943,357.5788149402724,49.92758844940181,0.0,1258.2613608360334,434.22070018591694,1459.2330954292775,895.6953976662298,0.0,0.0,fast_restart,1459.2330954292775,0.12312169987087947,True
243,0.6038377872182655,0.779050130428717,0.605043077949327,0.17620281811297037,0.014031669459011891,192.21724781668297,719.1214554455128,83.6601255106077,0.022817448420371336,1089.2199119378092,1695.894960524034,295.97977962644654,0.0,inf,1661.7796201194615,9811.127085443379,10128.303885965812,0.0,1977.5154806583487,reliability_2x,inf,0.3474536696660433,False
244,0.6764643436537205,0.8451415595454161,0.7020988166037138,0.030482446969175157,0.011061510287490731,371.653121134678,685.3946298562075,74.86708589208571,0.007449102385200929,786.8124086239259,1211.5138547901297,205.25832672019533,0.0,17900.31089768464,2610.439202733989,5371.9088180403305,6190.319999906216,0.0,0.0,reliability_2x,17900.31089768464,0.31404947453996745,False
245,0.5653444240703777,0.8842720659881025,0.6202856060353037,0.09842981121261166,0.00512102583059795,219.63130041284165,168.15696816543567,10.618944292399606,0.02615823845472507,533.9514456336292,814.4020635350716,148.32547837377206,0.0,853.3428972341499,507.11411142295765,271.4489802008611,348.7354447769321,0.0,1477.438108075985,straggler_control,1477.438108075985,0.07066717558944942,True
246,0.47068551462112934,0.8893983569957635,0.7045520122339508,0.14939200606062505,0.013322517958666458,112.0696461410598,178.07237348386985,84.88326232943432,0.00031850285408219214,441.9708088324405,671.407114720023,116.94003201748274,0.0,6785.88858975286,699.625576042501,908.3600983083124,5754.990600450161,0.0,0.0,reliability_2x,6785.88858975286,0.20524248369418577,True
247,0.48070182608895384,0.710489486855302,0.806999346155247,0.2782846258923019,0.006143072354952105,101.38197940251555,154.1005983162758,12.48525215073258,0.015420033222370145,336.48594545787637,508.898994049061,79.92050531477798,0.0,939.0758231409163,240.53946536918738,278.73887240127806,474.43754903542504,0.0,476.60926155206107,reliability_2x,939.0758231409163,0.06651960393939481,True
248,0.5997871488899222,0.7934076295535011,0.8783828638502722,0.03683572273076913,0.0018637845337984209,397.5262821429139,710.5455769167189,42.44809661513821,0.027891163436825933,271.2777279973052,410.10872566476974,54.79456027772176,0.0,0.0,338.27640535865794,590.4479605753149,875.7444278513285,0.0,1600.914715909228,straggler_control,1600.914715909228,0.07776384026380653,True
249,0.47147683269620416,0.8753276297167221,0.7801424592670834,0.07517888289422248,0.014006705145922258,91.73661813550103,624.7153994565901,25.980218154250775,0.03271129099760193,389.13981187769605,589.9207895331092,95.76764248475956,0.0,9900.41559537662,542.4152364803522,5612.894036826809,2291.2600744953925,0.0,2818.0875031823925,reliability_2x,9900.41559537662,0.25680112528830557,False
250,0.5990081736708271,0.7332707774209467,0.7725831849453226,0.26714293355765173,0.010337867957795592,218.4819047024946,469.0841789417845,59.17571285812552,0.017403153881173996,572.6972822342141,874.9891566172773,141.2354424937257,0.0,7155.742883727733,1177.9687489049138,2643.781745204731,3872.009713125997,0.0,840.3935397499336,reliability_2x,7155.742883727733,0.23039538945825058,True
251,0.5570398208635865,0.9443094435232022,0.8912503073377219,0.2624509441183283,0.005057467895893099,320.6560751778193,127.09576141099345,64.60336098033098,0.0252597738296949,218.42297507160765,329.74650815556015,42.17877449459411,0.0,1486.102026713219,782.38097884546,168.78080909462005,2177.025993531566,0.0,1434.7071278390613,fast_checkpoint,2177.025993531566,0.11516266002017658,True
252,0.529144051769616,0.8547951064872831,0.8263277560634974,0.11863665418862614,0.0042617339230525,364.15149875568875,414.729394119612,31.820374323521065,0.03267800092216942,301.91207628608754,456.5003537141856,69.46489380083221,0.0,1143.722328473803,739.6700383275893,763.4531269022918,1129.53305829467,0.0,2169.0549548534,straggler_control,2169.0549548534,0.11366934053537367,True
253,0.6148860314678057,0.8142518811208228,0.9451660657830957,0.020439542150221878,0.01372521212500042,357.6401690857668,358.0694172803773,29.600445075619028,0.03277475011474935,235.74122856745453,356.17543127526733,31.79040607233037,0.0,9438.650794856192,2795.039278428605,2416.003436667823,2501.9608686958163,0.0,2742.7596177947853,reliability_2x,9438.650794856192,0.2573567478893117,False
254,0.46768002011646626,0.9005772374880875,0.6523278985160595,0.3148847608103965,0.002710950113101658,281.53106080692226,294.3255091979661,58.23559034491299,0.001485553239267118,420.0328906318682,637.2633255505425,115.12459459881575,0.0,135.34749557193936,352.4387494868206,315.0997405509952,1391.5472000716145,0.0,0.0,fast_checkpoint,1391.5472000716145,0.07998941698848727,True
255,0.6035678382363401,0.8318714826765611,0.6922048861592742,0.0946958534199194,0.007068113411312003,326.7803744137758,344.88002509741744,9.568959932084898,0.036526400247062406,546.9611733468664,834.721035505012,145.54504436145726,0.0,2271.629298158532,1131.1940359178225,1045.2329584928411,371.2558052236018,0.0,2689.4841748681392,straggler_control,2689.4841748681392,0.12956129733427582,True
256,0.4898707624452421,0.8509959909985685,0.8293869419183277,0.12401928555513975,0.008638021888537559,160.0345855672878,150.49877017407275,25.280280809613654,0.04272128418848413,279.1183342447621,421.97727213431426,63.92105139576961,0.0,2180.2066514687685,613.4702180053719,392.0214413219146,1333.6749061964074,0.0,3173.035200934981,straggler_control,3173.035200934981,0.11188690758160325,True
257,0.5700703033096257,0.9343678933498107,0.666743876985355,0.34399576149133587,0.0048962339037422024,355.77274780891173,188.6582740673834,6.412711464036784,0.0415340974583801,477.85157991738015,727.060315017312,129.62225453101564,0.0,905.4422474811145,827.3426164939301,308.06033483837746,98.79717246728251,0.0,2983.57620721879,straggler_control,2983.57620721879,0.0788617507661266,True
258,0.4939366757049807,0.7944412616361346,0.9440699242287314,0.34193073923613176,0.006722805868665652,172.50871158818634,454.85549186541687,12.496737949917453,0.03090637100781279,169.29379707317275,255.16985536075663,23.17209008512873,0.0,1980.9323369358353,499.8807930774492,1358.933643757311,528.2989716008378,0.0,1994.2707628642638,straggler_control,1994.2707628642638,0.12268222112603958,True
259,0.5364625021709281,0.8949831776402959,0.7574548817337775,0.04880264991067664,0.0022321053248630604,363.1984986948227,570.5744928778214,16.469378888263915,0.004963942932175558,346.78689240932727,524.5521124372026,87.81933581786143,0.0,0.0,367.14510911261823,551.0567690645184,398.96400709715454,0.0,0.0,fast_restart,551.0567690645184,0.06815892646606743,True
260,0.46887901043594554,0.7792407069653002,0.6822560567996161,0.12593989973213565,0.003024314256141025,396.41725713689294,161.38888109009613,58.47297093578203,0.024628936578162078,445.6031997183345,676.8763461185263,119.81579442973816,0.0,332.82217605176993,576.7382965944562,151.83330465212566,1497.2980435244062,0.0,1349.8983200709736,fast_checkpoint,1497.2980435244062,0.08538848488401314,True
261,0.6959462045991347,0.9355143342558846,0.8912438613763286,0.025955664082301242,0.014503110080720728,234.2789435732812,308.9844793504186,26.16714459366173,0.03571285620122994,308.4738749445387,466.53324692151364,59.312832837251335,0.0,7410.211469292852,1755.9151952193351,2076.249348372792,2173.5385469749344,0.0,2963.530197117543,reliability_2x,7410.211469292852,0.22447320749855904,True
262,0.6332465359193892,0.7149361742017855,0.6723808417158891,0.19323982112294394,0.011327927798915277,395.75033043560575,864.8067891773417,40.214494131257894,0.016360943051311035,980.3661581444285,1518.9093949938542,258.44754511028077,0.0,21762.48078783373,2859.556506469573,7900.436928410421,3727.3949027185627,0.0,876.7332173981122,reliability_2x,21762.48078783373,0.3228902757233383,False
263,0.4664970719120548,0.914804898318157,0.905504058636429,0.18005084100511887,0.012983320991699705,33.90683905254397,826.7280721162847,49.827978047423926,0.00863507627824212,230.44395640930088,348.1530742186769,41.73282376236966,0.0,13628.067770102596,97.44722194139104,8145.464025764635,4264.42347419573,0.0,0.0,reliability_2x,13628.067770102596,0.295314431388536,False
264,0.6136569998089069,0.8308217319963274,0.6204993399945742,0.21469128727123168,0.01085108397629889,100.74420450919506,217.99250431750926,78.86619138735782,0.010297095490897573,724.2804903913857,1111.3046138263671,199.42682312229226,0.0,5148.176399341279,491.8716631808675,991.1293345712438,4669.771151156918,0.0,31.32162653717387,reliability_2x,5148.176399341279,0.18092945756338083,True
265,0.4541032877866238,0.767914407371748,0.7051723681915643,0.31404458711681354,0.006283863972783799,42.80573450944887,607.4570827770463,81.77151496434823,0.036166396362316416,474.9668072337554,722.676921048278,125.48644989475724,0.0,3132.3985661153856,75.37704325660889,2016.09944066748,3328.34318239439,0.0,2823.5185307298307,fast_checkpoint,3328.34318239439,0.1686910827510341,True
266,0.4510563177162453,0.8361827047386183,0.6426616684421779,0.2000108795611403,0.010616939221460361,205.08119717716573,782.7701183691829,14.36781122734708,0.04649777214301798,566.1698831941612,864.9900718157187,155.11274858239995,0.0,7675.2404736885655,1080.689460476402,5287.243544946894,1011.2803404772858,0.0,4704.5744018330915,reliability_2x,7675.2404736885655,0.24052362549826337,True
267,0.5234454885912284,0.7655115467904098,0.7199256995922995,0.26232373000126225,0.0037198751554297672,312.23912621472573,121.16763225532017,51.37809077268851,0.03599315699507571,461.738810943767,701.9399405839831,120.65799989381048,0.0,659.2433682339179,552.6759641694553,112.98247501644073,1521.62694995938,0.0,2446.163683622188,straggler_control,2446.163683622188,0.08566637722482773,True
268,0.46914030469646434,0.7014048435589754,0.7879485390849306,0.2982195860669217,0.007227225601263174,83.01935286453873,310.0572238072844,78.02537330632212,0.004591911829643575,397.5000122810925,602.4985259552886,96.82867639035976,0.0,2895.5508025735217,237.03546339105014,980.6942908045021,3287.8277814846733,0.0,0.0,fast_checkpoint,3287.8277814846733,0.1480348635828946,True
269,0.5858925232855616,0.804010974600545,0.6721858062474194,0.14632485336177686,0.011612902810293382,318.41771228919714,785.1898058782205,28.30106902742005,0.02128538586170102,761.9381172526737,1171.9228973130666,203.21590057602953,0.0,13621.608971917987,2126.5454386182464,6507.154796571434,2486.0804578701827,0.0,1477.3353673788042,reliability_2x,13621.608971917987,0.2930490965650631,False
270,0.6149482992663051,0.770251064950768,0.7795950114632682,0.25988163194868324,0.002236491791522656,346.67826876529955,155.2673473692611,27.533257335947802,0.0371796307384682,425.1896978462464,645.2067224568673,104.62151110195191,0.0,0.0,355.5282749624603,102.18228598720088,662.2207222417892,0.0,2429.5254085457273,straggler_control,2429.5254085457273,0.05336452470762286,True
271,0.5605188880642488,0.7604664308632862,0.645105491180613,0.24773633513220722,0.014934580772861208,33.47757228186874,889.7961833647587,28.090178013946172,0.0065182175548156255,868.6629118427954,1340.3110036881699,234.07678156451948,0.0,22404.404556024077,112.46889742380154,13225.826399687256,3019.78439672519,0.0,0.0,reliability_2x,22404.404556024077,0.31375169348347287,False
272,0.5711204373047,0.9338342403678331,0.7594135893949935,0.3481767756851015,0.003467558639293582,274.04609362632976,446.0358448345584,7.908273080085225,0.021441097259059336,366.7095436170857,555.1128217107143,92.5876423884074,0.0,455.13965026014193,426.06093407057415,655.3711494232775,158.38057347279755,0.0,1029.7216933864256,straggler_control,1029.7216933864256,0.07403491702928001,True
273,0.67174080962238,0.8608235263829757,0.81097250590397,0.3043606918712688,0.013825210702063391,44.47555200767584,158.59170791421545,33.85888016300156,0.03008683270651205,419.76713917284724,636.8801854066514,98.72982252699876,0.0,3712.0229352638453,174.54728932600483,724.7778692454849,2378.6984701581605,0.0,2007.0895263499588,reliability_2x,3712.0229352638453,0.13953531677185552,True
274,0.5292585495697777,0.8905396719902788,0.9055134917962824,0.31341483228411454,0.012970662543690184,236.28452199096242,412.96545214721,60.96547490554519,0.0059449996803654205,254.84381645938993,385.29333042656435,46.096986802771426,0.0,10243.120489895748,1657.36808797095,2906.709815032533,4726.696872910266,0.0,0.0,reliability_2x,10243.120489895748,0.26378945793447744,False
275,0.6318715860091427,0.7518130748456231,0.7254406802500416,0.20954036935406464,0.009144606704806504,118.9565236224181,480.4141956006502,14.793557361076862,0.04790195749960057,603.4581644225727,922.4370019800226,156.0396879627333,0.0,3430.639854504763,465.49631503728597,2178.17787299852,843.9283007102167,0.0,4126.2987629404015,straggler_control,4126.2987629404015,0.15523006341932022,True
276,0.5810903621411857,0.8310394342802283,0.6578836717598014,0.070885052548715,0.0032483228377533447,54.59122417159855,807.3997139814036,56.436790375415136,0.02449183198797422,558.1232433727127,851.904403875913,151.78588380178553,0.0,599.1966658841302,56.087378949559934,1298.2250717961433,1579.6630544216423,0.0,1393.6133456015523,fast_checkpoint,1579.6630544216423,0.10985397000884627,True
277,0.5107997586563363,0.7798879628087099,0.6166601399139675,0.04234528470777693,0.008515579562445858,124.99750274415955,386.93396332884413,85.50697141770353,0.00254687003402882,646.408302468968,989.6540738095282,178.92618370264972,0.0,4721.469405560227,494.1054878946816,1643.4792874730738,4322.206386139689,0.0,0.0,reliability_2x,4721.469405560227,0.1897877102573974,True
278,0.6960390320886033,0.92109367087976,0.9212459608250161,0.14240924172881422,0.0036384894137742926,47.35381767209647,888.3075295751017,14.51849127475219,0.01140243774382433,222.1267774518892,335.39308749273914,36.74004202935612,0.0,704.9492435139364,46.58464513854415,1531.8443428283135,452.3119193085877,0.0,126.00691279316015,fast_restart,1531.8443428283135,0.09988641236695889,True
279,0.550303962565024,0.7279976684719309,0.8714007939456946,0.026162641941132908,0.0026705633715534663,288.6794045317054,290.54459951193473,61.314831868193025,0.03142673291149413,281.52100395121306,425.5954653713343,58.13499697211955,0.0,109.74085513387035,351.06617152256877,300.35552257572635,1409.3261092440043,0.0,1934.89430638239,straggler_control,1934.89430638239,0.08051334974136301,True
280,0.6439932692783606,0.9284252948293319,0.6412382583578424,0.13353635542431525,0.009577915151276048,154.68952985215847,745.3742824678486,39.410614030073035,0.002134233362982052,702.4001174671357,1077.6391715270656,191.41051689120286,0.0,7174.156822936515,711.6241490341126,4457.049241215958,2675.4243339304994,0.0,0.0,reliability_2x,7174.156822936515,0.23623325329949002,True
281,0.6117804966929157,0.8315962500104052,0.9113324002045354,0.09758740923747808,0.010014350552891743,274.83755353545644,256.3785180089271,44.5506314340486,0.03673158301937303,259.85593710650573,392.8485172341898,45.56869270558309,0.0,4666.614453422066,1402.1489102691703,1060.3608506309029,2666.3509774737868,0.0,2871.0236070939864,reliability_2x,4666.614453422066,0.18615503252383575,True
282,0.5517570435544603,0.9001654170504204,0.9432999399846737,0.31776920572348194,0.009700729536644687,144.6536308503999,488.87479460473736,29.837462471421876,0.04171411242337584,183.70174938167474,276.9978111519995,25.33923067585056,0.0,4510.21142985858,624.569293930057,2373.3552757701254,1836.6238443372931,0.0,3432.593338362567,reliability_2x,4510.21142985858,0.18625242068046044,True
283,0.6922414608184836,0.9364483538924155,0.7506004667028475,0.1730752253455398,0.0062248875952995875,42.907760645525585,727.3073102882653,79.19570045685323,0.048238929964992364,514.205000979222,783.8442272751308,130.33704135044536,0.0,3400.7850370920423,75.0973344116137,2511.0227454000305,3297.134596288972,0.0,4325.6890642225735,straggler_control,4325.6890642225735,0.18039896559391003,True
284,0.4538025514257441,0.7826695099490304,0.7803746978577093,0.2725317376792304,0.007238140051121868,364.2829245331785,543.5905084242902,69.0386539434557,0.04979258692965294,397.20923602046605,602.2220022491201,97.70910040552917,0.0,4908.698844257804,1424.7950309540647,2074.988789229941,3410.8560384725497,0.0,4780.204493994843,reliability_2x,4908.698844257804,0.2127547111644921,True
285,0.510662282168058,0.8167224297646148,0.676382169403918,0.09599910814808447,0.012958471287862133,59.29079783325784,711.6715490747393,57.034403698822935,0.03324793500613974,642.4521755120586,984.3194377808322,171.8803860733351,0.0,13704.26313297628,291.16451237540605,6885.3566293236545,4970.031265102771,0.0,3153.4349239497533,reliability_2x,13704.26313297628,0.28434817092057457,False
286,0.5272717076556931,0.7573452899154308,0.9416286095331802,0.28160433858020045,0.005912178457118113,65.99338041187711,806.3212332164147,17.930118779129273,0.033428224309944625,195.71924468400175,295.2558819727092,27.44586581872136,0.0,2216.2064440530557,131.10210431918313,2418.9491938745996,793.8256173788359,0.0,2322.1499406776093,fast_restart,2418.9491938745996,0.14454683987702388,True
287,0.529954450778286,0.7209209357909976,0.8358478232475026,0.3024119189317341,0.01134518998431865,94.53487404975898,393.2066818805631,21.483448722025404,0.041320479621482706,377.5447713334943,571.8505647152851,84.93497665764517,0.0,4304.231923321979,434.7519438877789,2137.6013919139514,1442.8759491290984,0.0,3361.8449604599773,reliability_2x,4304.231923321979,0.17028272967227664,True
288,0.6124131962758731,0.7738390845745194,0.7569073350165023,0.26228308542462775,0.014382233573730935,286.2187508233663,578.2045545816777,55.16075630287753,0.00499197281772204,692.2672316725257,1062.6627859998407,172.65361225719607,0.0,25397.069503738043,2546.7486060472766,5918.128333034165,5651.941341473783,0.0,0.0,reliability_2x,25397.069503738043,0.3219412452840039,False
289,0.6856527186112683,0.7659885908848607,0.6032814616423128,0.06855829002552637,0.004923947571846476,282.4461653770389,466.2937549135572,22.743996601014167,0.007187131602118858,797.3347016718471,1225.722600605517,220.64408180033206,0.0,1491.1005942251904,668.2778517818988,1058.4724534015586,930.9517992758229,0.0,0.0,reliability_2x,1491.1005942251904,0.11725082395759788,True
290,0.5521635551438044,0.7389987257319951,0.9263397555867637,0.07129078415126726,0.006963570815047775,174.49468783267545,276.8223317540371,9.253459957087674,0.007737698724368941,210.25492266592119,317.3426015797777,33.58976982812237,0.0,1515.7734893086163,516.1011897059288,733.7576312935453,318.1119312549781,0.0,0.0,reliability_2x,1515.7734893086163,0.09724549256611786,True
291,0.5233833132612793,0.7291730628638317,0.6985955327673128,0.28327362252651583,0.002335765454147205,51.421784628366474,107.16252700492268,41.137454234768185,0.04077209974271666,486.4293054878108,740.2868330406673,129.1618922689704,0.0,0.0,35.608027631260484,53.49216119866833,947.9123250279918,0.0,2752.0173995078003,straggler_control,2752.0173995078003,0.04317629690382346,True
292,0.474323132517282,0.9271287830177221,0.6693110901533363,0.20297280187265615,0.008856976766536693,200.19439656554192,644.2759685869943,28.23938587461312,0.014819345339144908,472.07654892173014,718.3531630928119,127.80068653065973,0.0,5155.382133497722,856.7672363068959,3162.8241652428696,1759.919875413667,0.0,520.610754504658,reliability_2x,5155.382133497722,0.2049721419003727,True
293,0.4966731561876565,0.9342333796729136,0.7125929599126465,0.17756016324159765,0.001733317755130343,324.9197098158351,882.0173505849568,76.06388333343607,0.002307032991300623,367.2192766772132,555.8889228291955,96.84457333332466,0.0,0.0,258.8291526391258,715.4935557081444,1335.917938850147,0.0,0.0,fast_checkpoint,1335.917938850147,0.08758097601280715,True
294,0.5189202182176351,0.7495610839030975,0.7972767934373417,0.28911496789327656,0.0064871214320902796,163.54543377697533,193.1627860656156,21.717468831982075,0.0026101616530483764,367.88943798242326,556.9217763173001,88.55659941823978,0.0,1449.4810542225932,460.51521558506283,426.5712854835292,961.5901351307621,0.0,0.0,reliability_2x,1449.4810542225932,0.0936915794357334,True
295,0.5690478914424826,0.9470753281925317,0.7363381259314852,0.012121075679629965,0.014491603250722303,195.2455931025318,221.49434602177698,20.985382615752634,0.03159505783353618,437.6862767015373,664.7511735678272,112.77776969602928,0.0,5471.0426707668485,1402.4538128457389,1283.8820600347171,1658.9599263638847,0.0,2347.6861043942336,reliability_2x,5471.0426707668485,0.18588042826447893,True
296,0.6413708193552762,0.8325409014699784,0.6201086365867808,0.1277121469109729,0.010578349393430332,211.3288357193597,369.0145404466714,78.55683422886547,0.01572312523751342,809.2169585959964,1245.2261271714342,221.87262838999595,0.0,7544.657459150592,1211.092034488127,2050.7227306036184,5113.420881119058,0.0,659.8115272601644,reliability_2x,7544.657459150592,0.22871714270318916,True
297,0.5324329780580864,0.7674676771460318,0.8116430569479623,0.271434947058922,0.01333508111834583,223.80388739931797,291.0617589716593,60.7917811533811,0.013594541588633952,435.27227618382676,661.1133755810915,102.16266580066804,0.0,8724.860141457684,1615.5521722556769,1856.7834034596672,4657.475828433984,0.0,406.4793432715087,reliability_2x,8724.860141457684,0.23981278872014186,True
298,0.6233729042148484,0.718482327530935,0.674697869739655,0.015643422964061893,0.013955634834761855,173.1560809114701,232.6633625703056,48.406738644153144,0.04048982660876021,757.3291670452272,1163.5134619465462,201.94274779322222,0.0,7188.332422380139,1253.0800324048978,1426.3514341940681,3845.9494564833585,0.0,3651.9148987492226,reliability_2x,7188.332422380139,0.21002332802250412,True
299,0.481528837750011,0.8580067873714363,0.621767737163391,0.3184221917622692,0.011041384268610486,268.4317238649265,99.70936393662956,43.05194402541386,0.015746537290936263,549.3637095196755,838.4946397391432,152.3478211571528,0.0,4321.876081409162,1566.3060354978697,232.25278829835952,2749.9586009801715,0.0,591.3775673811724,reliability_2x,4321.876081409162,0.16510960685283652,True
300,0.6776618088806653,0.8508754066065141,0.9043298949243813,0.3411692430169032,0.009646421037478337,351.49344688002435,689.2051219113312,14.294945590168734,0.023391813257244206,320.58377212696723,484.9133679996521,58.10912616545829,0.0,6371.3696923960415,1749.1869574784942,3689.279135037279,903.7891348072808,0.0,1507.1308451470031,reliability_2x,6371.3696923960415,0.2317010846906239,True
301,0.5312453822507247,0.7003153372754476,0.6570865954087438,0.018434790102969764,0.002804490942573315,192.52479558526878,341.4706431034426,34.54365867224877,0.008549524738264631,563.9203013443366,860.812830781153,153.40894495063185,0.0,161.88068688197018,237.48502948626628,390.8819011959349,930.5890290640273,0.0,0.0,fast_checkpoint,930.5890290640273,0.06881122767620348,True
302,0.5490571388888243,0.7782139592846868,0.8619833557333864,0.28682352603882816,0.014911139672058253,231.31261527712496,656.6917472105786,47.54351104337243,0.006854141746896198,419.4710149756538,637.0096156589316,88.42008871889266,0.0,24630.722255586792,1960.8353483229403,7329.089159589981,4906.924002775111,0.0,0.0,reliability_2x,24630.722255586792,0.3273290817746604,False
303,0.5487463754187617,0.8865164809452111,0.9242608645854821,0.32886618921712596,0.0018273009716885825,271.1774387995096,483.613309337145,38.94775176459858,0.04816666029982591,178.43792559515714,269.01854724759323,28.97625693356531,0.0,0.0,218.53166459510248,371.80499205600427,793.5606797809742,0.0,3409.843562471917,straggler_control,3409.843562471917,0.06118015444363966,True
304,0.5011050671689176,0.9389385747668908,0.8214958098569138,0.14226995766112438,0.01388560638876725,207.14803928355389,375.70128841482267,82.09894719628836,0.04654728918807381,350.46797236278144,530.3646341369385,81.1552668118602,0.0,13157.862837181343,1621.0292155412171,2956.078560253598,6936.3583631017245,0.0,5027.844317809464,reliability_2x,13157.862837181343,0.27887128515272047,False
305,0.6014006164314472,0.7035608718465863,0.710979041723066,0.3284812399822355,0.01228168136979208,224.24792753256793,115.45827242770315,32.88875674269268,0.010563834743526108,650.1760694627883,995.4097075153077,169.81829529165407,0.0,4316.832605106658,1407.168806669437,360.3243033942272,2283.207346413117,0.0,57.238272991395206,reliability_2x,4316.832605106658,0.16095678751922257,True
306,0.5441685817214376,0.8098010712881825,0.7068208243873926,0.04354629328018364,0.01127457749355177,228.33809724582468,387.2219601767196,14.559995290996259,0.00363230593250673,524.1384580105332,799.5043278843477,138.06982046897247,0.0,4822.436570069487,1260.4303942532933,2070.801731923486,950.7774417041801,0.0,0.0,reliability_2x,4822.436570069487,0.18530265002373805,True
307,0.4844890840924874,0.7169664818744806,0.8619274127317802,0.2072485369253359,0.012536507794403915,118.62913832973067,878.9199536761647,51.36453092125847,0.04021023968414218,392.6755265328684,595.563275424458,82.89531876950059,0.0,17410.072055929304,710.5364145537496,9051.948340719991,4597.957818686966,0.0,4377.506880722751,reliability_2x,17410.072055929304,0.31340415480172606,False
308,0.5843914848363404,0.8299927134245799,0.6773743071114873,0.334390644146563,0.008184219151761908,152.45918708882593,525.1790294570326,71.59852078819304,0.01730262509407148,633.9095404464897,970.2154590846985,169.68789673873835,0.0,5018.979578673425,600.6027045062292,2331.7069794635245,3766.3604056919685,0.0,800.0599691145435,reliability_2x,5018.979578673425,0.20142820793414756,True
309,0.5248059456183616,0.7261290881121742,0.6017607438302005,0.12362104764201719,0.002120267900869365,386.38393830390316,885.8854070639723,62.179304710013504,0.02195298897213298,650.090986482297,995.0366406616158,181.22181777309015,0.0,0.0,394.45598447713564,915.2299950858542,1345.0234206630157,0.0,1141.1039375257133,fast_checkpoint,1345.0234206630157,0.10034529324796451,True
310,0.5847356568214845,0.8909710812553835,0.949282528382242,0.03803217286687727,0.009639098202773963,372.45550097671054,146.858434266922,76.46518345160753,0.039084500765364606,185.9798970103111,280.4526320436562,23.9573437045874,0.0,5312.949720795659,1978.3808787327616,447.38392268732423,4152.457745394455,0.0,3208.867362065641,reliability_2x,5312.949720795659,0.20239626985562656,True
311,0.5419831041112141,0.7431144221073156,0.6127976066747004,0.34877761913987715,0.005878260332853685,120.65157712647363,263.50947169330584,7.482892276226103,0.015974333602141372,634.3479256365681,970.4165117239136,176.0601588540958,0.0,1023.7054309437408,291.79867831508454,599.643651276936,183.39564818206054,0.0,546.0143671689075,reliability_2x,1023.7054309437408,0.07388034439639946,True
312,0.5683019992422809,0.9107138242420421,0.7700818275977582,0.19035213757008942,0.007128668653141261,135.3135014133704,469.0645286723488,11.086477346968584,0.03235321176950428,380.0015244433962,575.5837578396677,94.73797545464186,0.0,2122.5086781981736,406.8588137432016,1537.2641813275295,467.15487995694275,0.0,2189.891135799695,straggler_control,2189.891135799695,0.12347292880197812,True
313,0.582205610599151,0.8753196533626376,0.6845179735181383,0.157246565102478,0.00676365661222252,135.19422483293422,223.21158068091268,81.68311892462211,0.020693830038136157,524.0528463385381,799.07971001435,140.36036454839632,0.0,2582.2775256807327,414.4306560076475,592.5173897117056,3287.0503820212907,0.0,1062.517951339505,fast_checkpoint,3287.0503820212907,0.13856581361308276,True
314,0.5174537230107659,0.8606849914885257,0.7833101769044125,0.20804701976879175,0.012800281280148273,33.22516725956984,370.90402804617304,70.72472197897868,0.03744619853296624,405.63315724262065,615.2113335937829,99.37697372435287,0.0,7185.055849930093,92.68261952673492,2500.5718013067235,4942.04377119397,0.0,3202.558038094816,reliability_2x,7185.055849930093,0.21627035519563578,True
315,0.4956289270131218,0.8234005402400095,0.6986751588525403,0.2014682899073048,0.013435161258260768,296.1435804527507,163.36297195191528,39.90385667145927,0.0498903914662829,518.6788527542376,790.9575286563559,137.48873320599523,0.0,6789.009310275695,2252.8661635786193,774.7743103401554,3122.27856609644,0.0,4823.708183058941,reliability_2x,6789.009310275695,0.20873276510047323,True
316,0.6114602753887836,0.8806990111063344,0.6094114863334571,0.3459864178632272,0.00859364949292507,278.7263225802038,471.03817652127026,22.404368928233477,0.03386827827545599,715.238057250037,1097.3423621237416,198.00423540729025,0.0,4252.746864008448,1230.5258048618343,2045.5887389323034,1363.89023930439,0.0,2676.82431424479,reliability_2x,4252.746864008448,0.1803973542056593,True
317,0.6173106900557009,0.7751861459668012,0.636703897256448,0.24073470614518608,0.011364825147129984,130.87687611855767,381.562516848031,13.007572451849454,0.03841834084417496,735.3117912158959,1128.7119145301804,200.68694574579786,0.0,4150.133773817361,666.1760650463475,2093.9345538660564,820.4938576433633,0.0,3121.9778583533844,reliability_2x,4150.133773817361,0.16332655308763908,True
318,0.5533209066026494,0.8607533554544377,0.7209246372775528,0.27132495981402377,0.013594027561491799,309.1462021711481,188.6901727200031,18.864322993453317,0.04127373052887734,508.6315322892915,775.2634798428699,132.5174788603872,0.0,5748.929685506504,2301.38354025385,948.1741201392797,1462.5851257948634,0.0,3573.1310258405065,reliability_2x,5748.929685506504,0.19357571234080712,True
319,0.5271368191343604,0.9375274128741171,0.7288167738146507,0.13648669079870282,0.006383210110060471,49.23661838179414,377.6444672278663,64.34794958787909,0.011822954034108513,392.50532184214535,594.7872117779698,102.00900171539979,0.0,2267.3534499877496,94.94076858668268,1090.9136200343455,2587.670865786982,0.0,175.1970446366904,fast_checkpoint,2587.670865786982,0.13279594112235207,True
320,0.6578724880054531,0.7049806028698238,0.8222513600275553,0.23261759707584123,0.012250010310199401,201.2494934066689,113.66579761040583,38.46575846058683,0.004584114464089012,478.9412361171453,728.8444894223467,110.22855517120479,0.0,4224.5319840378725,1213.6407568357681,342.17384309877525,2557.0705944197543,0.0,0.0,reliability_2x,4224.5319840378725,0.16075012404326228,True
321,0.5041967008547883,0.8701725996383489,0.8852444021662801,0.1871987394576857,0.012191882734891248,292.7351043814617,655.1100693366828,46.761076685645484,0.035986047994391736,292.25470776867587,442.07387020436727,57.56662971897822,0.0,13417.407728257334,2014.942640507361,5211.682910981399,3932.2677591781758,0.0,3492.6256814558983,reliability_2x,13417.407728257334,0.2953110281660986,False
322,0.6437315159812742,0.8265173507600626,0.6161268204830593,0.18635381179832672,0.014089981223899317,211.57308833355293,328.0055841161964,81.83721463675289,0.03424652663843841,908.8949646314213,1403.5490809134171,248.31769464522586,0.0,13779.635176124844,1765.8702282817649,2603.4916804641907,7366.344283802882,0.0,3306.065274815799,reliability_2x,13779.635176124844,0.2717862027919765,False
323,0.6853232334419235,0.9192339730962451,0.7126382006605129,0.157251296975108,0.009173760307400351,79.05592169435286,500.510478718478,45.064831806583264,0.011179591240372377,575.5673934704646,879.2200934635912,150.5916935027999,0.0,4503.700878946336,285.5427301019954,2403.3176509480945,2629.79777291515,0.0,122.80400080443724,reliability_2x,4503.700878946336,0.18324888311084966,True
324,0.6508186106175117,0.7100339314415189,0.91651148730864,0.08634504304600436,0.002550142544968715,230.70063570118597,626.2153665073503,19.462574350416947,0.0006124249581656084,259.5721364162746,392.37962592944314,44.154528834144,0.0,29.96653387124752,252.08364547957171,693.9814236294733,504.63024692129693,0.0,0.0,fast_restart,693.9814236294733,0.07378084162966339,True
325,0.48753217031859303,0.7235804737649013,0.7535799004389445,0.1435739210892415,0.01178519887148999,279.6154151024218,564.673625878053,65.45064128713179,0.04175720259300663,558.1753470930817,852.8280390268374,140.64251902341493,0.0,12969.964724639089,1917.9066348753295,4245.244193901122,5255.703797122867,0.0,4438.7291601142315,reliability_2x,12969.964724639089,0.2858104268592244,False
326,0.6210322102054558,0.8923257864153675,0.7928723726772706,0.038204815336806495,0.003235621547143198,251.62199094173286,547.1318016177175,20.616663868976236,0.046707830405408574,364.4919193640817,551.6906172318741,88.3100129282684,0.0,437.873842321198,365.8351439891485,787.2107023931312,632.2401383761207,0.0,3459.2316439394963,straggler_control,3459.2316439394963,0.08619145732303429,True
327,0.5816566164804913,0.7704200235558226,0.6508168773445742,0.3277435510425307,0.00575477233025079,55.38415990264913,356.05016306104807,26.78984633988192,0.012978020197640733,616.9938927635012,943.3410064489362,168.0499779706479,0.0,1403.1405821922745,101.57781537664778,888.1968650960262,1139.7017656093194,0.0,278.6204007807355,reliability_2x,1403.1405821922745,0.09679102209744565,True
328,0.6995430533885949,0.8243107018658482,0.77722207618283,0.05893793506187382,0.006136424354370556,349.4079451051037,883.711055196354,37.104863752541974,0.005318329649039427,538.7347629676951,822.2197613228891,132.333690047446,0.0,3885.7826204018384,1085.1618390722979,3027.694087107302,1812.5380701706745,0.0,0.0,reliability_2x,3885.7826204018384,0.20389279731998255,True
329,0.6971742039939623,0.8335544926163622,0.9203294042240392,0.2961274557414523,0.014770920162804426,31.420008191674086,732.4691475466469,47.94523032010994,0.02257956877531893,342.59626802354614,518.4059911077857,56.66673341223941,0.0,15780.04521048671,92.18596741586953,8306.802019811294,4551.394104500407,0.0,1609.648543498326,reliability_2x,15780.04521048671,0.3009145981258585,False
330,0.4723115684881151,0.7843183835603973,0.9145207677449645,0.22246048153437215,0.004851034968517381,385.1252042813972,436.1160267948428,7.3530982976813615,0.02072135170079228,192.3407770055419,290.12713907029683,33.21764510315552,0.0,1226.7215396260435,868.6100737523593,896.1700032574881,158.32623178576614,0.0,986.7000701358229,reliability_2x,1226.7215396260435,0.10691012766453499,True
331,0.6385296780714874,0.8904410234158102,0.9318511030542803,0.11788201496855305,0.008693554217509442,174.15832249764176,678.9932777449316,56.10041605912573,0.036755615470899394,238.12341298205138,359.7779346539828,36.43272129448815,0.0,5928.1645987399825,719.0262232898822,3335.4735349444272,3190.2511059372846,0.0,3082.5660151666452,reliability_2x,5928.1645987399825,0.2260787754396809,True
332,0.6011068611786201,0.7246670246713884,0.6121405043741421,0.08216627322225409,0.006989334543387141,371.2912418722209,670.709563334162,72.8048916874539,0.03662444999918865,876.9188828592814,1351.7369027074965,240.5686944522604,0.0,5548.324399645389,1459.6350629226981,2737.8843529768674,3735.651518203871,0.0,3296.928166181973,reliability_2x,5548.324399645389,0.22553618564852512,True
333,0.6757282678920242,0.726208931242254,0.8046728237368145,0.14228143510498673,0.01327628023297459,152.71241459534534,256.68952825114593,72.37557310327281,0.03568848992852491,562.2922017171259,858.724007527002,132.77409910270217,0.0,7856.5826226470745,1027.3564040050042,1569.8349877921173,5280.1229862632135,0.0,3043.047451705628,reliability_2x,7856.5826226470745,0.2243331753115399,True
334,0.627761362952615,0.7473311263806756,0.6592687765910229,0.3022943154657201,0.003070447533617512,296.85242265908005,400.2376191466693,31.712429563933924,0.03586409744704534,656.6018615451685,1005.1248277151462,177.68321610965722,0.0,349.97010409129143,429.38305787630816,530.0583099562282,939.4053084532461,0.0,2468.236553204002,straggler_control,2468.236553204002,0.08283807562611398,True
335,0.5737473501684199,0.8587602844353837,0.8944659255434049,0.0608064213135725,0.010148209782966405,183.73487675277542,289.21948555915367,21.659594817668832,0.02017573790453628,247.80892743259756,374.4880315322225,47.16325574235452,0.0,3456.903713865271,852.3441659093696,1218.345862223654,1309.3339862803114,0.0,1000.8715271074179,reliability_2x,3456.903713865271,0.15389362155864594,True
336,0.6989826016183908,0.9391929531531169,0.8486193599808518,0.04349082799969907,0.003686610258171491,293.9767580595752,735.6250984741207,65.94859662853642,0.04976302115540032,334.1131011760408,505.314008138128,73.20976185025938,0.0,1101.8820151967411,513.9535572327659,1327.50312835371,1940.4156041766473,0.0,4068.2487227168203,straggler_control,4068.2487227168203,0.13731999585935434,True
337,0.5966329297639875,0.7471924053998833,0.6498717389239392,0.0973300652236054,0.013905891715457556,204.74322170535845,121.06038282119076,83.11806801432364,0.010044598145163931,762.5836990237658,1171.8225166394186,206.34717259310128,0.0,8033.930082450188,1589.7483229208665,493.08516079309993,6214.450650066854,0.0,4.977593707681081,reliability_2x,8033.930082450188,0.21910114661067479,True
338,0.5289510140409708,0.7351944768330958,0.8797540920035077,0.1441827911099186,0.007928642234992442,148.15480822535537,690.8029216725776,86.30604248452629,0.02030473321016183,323.5208008967784,489.34199103572973,64.87804119518114,0.0,5795.280226545652,552.6236909341023,3149.848066405317,4325.196339936927,0.0,1146.7902944369198,reliability_2x,5795.280226545652,0.22782918277255268,True
339,0.5322640664419458,0.9449231309460782,0.825378612774352,0.019676889982472093,0.01184438042126088,217.70426903993976,608.930337996766,42.19383896442504,0.041426029343414016,347.3853029939455,525.6129080126884,79.88260972713397,0.0,9906.499850301701,1345.3916812486568,4418.568811171022,3310.528979568786,0.0,4065.133876037926,reliability_2x,9906.499850301701,0.2645124020949997,False
340,0.5752078952992938,0.7534000987587007,0.7552640645947204,0.1774090336575118,0.0047216996930809635,109.16833040022384,801.2288167993013,68.46769830753924,0.035470015357916156,501.73474073907346,764.3500906734371,126.62704942539858,0.0,2027.3503132883889,217.09601953055608,1992.5400285173564,2402.31612358422,0.0,2670.4158999202773,straggler_control,2670.4158999202773,0.15570411867660955,True
341,0.5027318733512208,0.9470594164245856,0.8585960731550828,0.029788650932035757,0.008850008683310609,237.6135971137642,882.6987822307378,17.892398596958024,0.010437866682009252,267.91759426305,405.1480038191039,57.45627822853203,0.0,6121.9344792194315,1011.1945631904782,4642.53874500484,1126.6542820710347,0.0,47.76915496132642,reliability_2x,6121.9344792194315,0.23267858204206462,True
342,0.6451268863681544,0.7522018728283401,0.9355307184116985,0.011702665223137038,0.014057612120505058,290.0657382849256,399.14007439292686,24.176961789373692,0.03978888246338683,278.38717777000784,420.99057714845185,41.201519969552464,0.0,8863.488690740567,2191.360949063019,2859.5358772310683,2045.9693094883733,0.0,3606.1912444736663,reliability_2x,8863.488690740567,0.24935697534402257,True
343,0.555830562510625,0.882326773047098,0.7347320593570319,0.07829583753826083,0.003970786153371276,236.14897352645795,612.3152146847423,13.491858887083946,0.016379154742982387,407.2411049304974,617.5396276749743,105.2143051624007,0.0,860.365167840042,419.7493111297954,1115.5801137971466,441.31414807245164,0.0,589.0469897412477,fast_restart,1115.5801137971466,0.09935256328318298,True
344,0.6743160045279643,0.7399532832740089,0.8823626493895558,0.06530009887843821,0.002000000909850959,184.16748567465098,314.82879251655356,78.22666515915388,0.023974200166117638,310.1491080878295,468.9411581592831,61.66275956777463,0.0,0.0,157.8971295154115,246.33842918714436,1411.7882707051685,0.0,1227.2340964330542,fast_checkpoint,1411.7882707051685,0.06728190713637759,True
345,0.5651746703839682,0.7913514886403397,0.7360335649489551,0.30678017688374104,0.00255935443779008,251.47339661758468,697.0684310297672,63.51553922370159,0.04175998794024418,470.443100704284,715.5122307362544,121.16208036830358,0.0,51.19324780080569,297.34480061999056,843.4310897660871,1491.3240488781812,0.0,3081.0729429706807,straggler_control,3081.0729429706807,0.09925226534725536,True
346,0.6133901388755931,0.7033067152109208,0.8028579046239841,0.12783104618681138,0.01455241571582995,207.42867278337377,249.07529080759727,66.74403231324405,0.019196030491900547,550.4687598019154,840.5422014766991,130.39639079055996,0.0,9739.688107353839,1657.2825362336553,1673.3639381002322,5461.5495594727545,0.0,1072.0118641047084,reliability_2x,9739.688107353839,0.2458611550740874,True
347,0.4587081880107137,0.8741054559701211,0.851953424506162,0.16275923252200825,0.0035650836171918854,388.11489517401486,162.7597865443077,35.64480160341298,0.004769995008957573,223.6780385788188,337.74258916547114,48.86935594850365,0.0,562.7493323902017,646.3965837099859,175.89292267282508,1075.14200814785,0.0,0.0,fast_checkpoint,1075.14200814785,0.08408239174261013,True
348,0.6575647657225315,0.7015322462670021,0.6786829050005964,0.17470537239182182,0.013386016317905232,149.75525526854494,388.76482520927823,63.42351600572075,0.0016171472733726155,871.6142345107437,1343.6212351928334,230.43805641284416,0.0,9945.320495730204,1033.5765477260175,2927.129444342896,5144.030733252548,0.0,0.0,reliability_2x,9945.320495730204,0.24792438981999268,True
349,0.6072160352170077,0.7040136609144672,0.801896301815356,0.3155988077298498,0.013066741429257237,366.7090940580846,648.7228071106094,38.93029424700293,0.0031213857152242175,633.2013493863378,970.0515020594175,149.51200538125704,0.0,18295.047340384925,2956.179535398518,5816.34365662064,3692.342660725466,0.0,0.0,reliability_2x,18295.047340384925,0.3139420907278257,False
350,0.692072466101697,0.8637017241499161,0.7677044676182854,0.14777532536005958,0.008159350337048517,31.228790348535075,325.33823288109534,5.560222388775245,0.033908527398680034,456.24484482096886,693.4606948768378,113.76336844967227,0.0,1519.2678692035915,43.908761242197215,1100.5496061006816,52.586016266181105,0.0,2235.491847244568,straggler_control,2235.491847244568,0.08790096419948461,True
351,0.6068709665658271,0.715707538699506,0.6182839183550723,0.34152097381607327,0.01399438910569167,153.3252407541889,250.82791309199254,59.33454301820445,0.010198956751535666,903.4707271518055,1393.8560429896934,246.86055306139679,0.0,8106.607238000219,1115.2266424126065,1644.8215694933242,4763.824336488204,0.0,22.549353396687366,reliability_2x,8106.607238000219,0.2202168855456661,True
352,0.648105051168668,0.7420486587319219,0.734487698966883,0.3222574596647392,0.005814337133182966,269.33453219268324,150.53596894169803,42.72674481588061,0.048586426704498566,580.3837564641944,886.3721637463277,149.06888767752753,0.0,1678.156236397248,762.7324341609674,269.52049931079455,1750.5796709670649,0.0,3885.8471972802363,straggler_control,3885.8471972802363,0.11043011115534272,True
353,0.551341601489552,0.7036111381624017,0.6529896264097655,0.19933338043081136,0.0031183539397235554,47.07113734266142,429.7861800048309,73.06304709997107,0.03244087842056614,619.7164429503719,947.4717886281869,168.59006127695102,0.0,400.6732399193097,42.465451370469964,597.4517999717355,1829.063537664064,0.0,2130.087173394182,straggler_control,2130.087173394182,0.08754309045027847,True
354,0.6214824910098838,0.7560292869073002,0.6614267089814454,0.12142573479077028,0.005939393314021865,135.76232866800402,592.6851375442819,85.81352625665242,0.009067304291217122,706.4216245860189,1083.3180287342038,190.40859942497264,0.0,3105.844447086194,369.9898352715245,1849.9739638478495,3393.3623573613913,0.0,0.0,fast_checkpoint,3393.3623573613913,0.17295121021712584,True
355,0.4686229576129182,0.755996486029257,0.6807526429784465,0.14197628960234052,0.010610151577969398,59.412150722107995,489.3005578254921,15.909974792787796,0.0471915912626836,518.5785878409297,790.691438987229,139.2212350420814,0.0,4076.497534208862,213.486721655976,2673.7890722297925,1011.7849187433676,0.0,4111.786877471939,straggler_control,4111.786877471939,0.1662309734747353,True
356,0.5390313105567597,0.7052961915974227,0.8837266071233605,0.030716327368368466,0.01112931357034073,236.83885337699584,563.1554240367368,57.140825545350154,0.039678429151416006,350.5303736490023,530.4142923471736,69.21478621453934,0.0,9285.85287434611,1396.123413747413,3675.272257856006,4090.647125691561,0.0,3746.6814810866963,reliability_2x,9285.85287434611,0.26101306047443673,False
357,0.5159612186328629,0.8713663033339382,0.7168769255881013,0.01902033404741299,0.004985378343496983,163.6404620813884,733.6607872550969,73.55595426868868,0.03810153430435108,442.70166618347866,672.4819771574766,116.01461003039003,0.0,2320.5683873030175,374.66125653762356,1914.6810756508967,2646.7466190926534,0.0,2993.75956220803,straggler_control,2993.75956220803,0.1632698116165131,True
358,0.58573203816529,0.7330528530681587,0.7936405401523443,0.26433588543364794,0.0062710432108446755,259.9476190338004,382.14576557071246,67.182260976023,0.02244631373446181,467.0207396388723,710.2911053054413,112.59247238445823,0.0,2843.8832259492265,805.8322015364829,1100.5646275544495,2780.181620511521,0.0,1267.6758259128073,reliability_2x,2843.8832259492265,0.15970745571230813,True
359,0.479215781636926,0.7950869452512297,0.8720701958481333,0.316429810493455,0.0015202930588545406,221.12318654044793,527.9068586492677,70.13915451414131,0.04368099259379604,231.49093894918042,349.6119876470402,47.81426405320235,0.0,0.0,146.74738397611873,345.36619645137034,1132.3762191994902,0.0,3023.8075258025638,straggler_control,3023.8075258025638,0.06257839428308658,True
360,0.602953404941442,0.7624700887427189,0.6193278790524919,0.012355159304140816,0.009210783629456666,36.7277035823004,195.07486971032566,56.93588719579943,0.04973948466124729,703.118901148795,1077.7338833891445,193.9751709437478,0.0,2984.7172630083733,81.53279614893836,680.2129967525761,2990.292808526825,0.0,4199.597244624081,straggler_control,4199.597244624081,0.13026502579652102,True
361,0.6833428029070638,0.8646887059936268,0.8793683405515997,0.23667174663638407,0.01230989834217033,60.701699330491664,879.8994476153835,9.710227072861608,0.02065683628175541,369.89002194973364,560.2294487041363,74.09717008306689,0.0,8443.983345448876,252.60058605020822,7336.321740975232,593.8244142958247,0.0,1234.994111207914,reliability_2x,8443.983345448876,0.25167187805892643,False
362,0.6707079263399134,0.8344177578452262,0.6345200077462423,0.28469388551586144,0.0067234767380069255,59.79456910341241,448.70127645293417,33.63872197257412,0.04481548648903546,712.2767169027029,1092.246440308012,194.89087419868883,0.0,2280.4663018379724,137.83572691481822,1449.3624107648648,1610.8020536120857,0.0,3646.8626017846145,straggler_control,3646.8626017846145,0.12784189289066852,True
363,0.6335920474070509,0.7915819122009323,0.716221669219309,0.1159372758063601,0.008693318011215118,384.90191815572257,779.3846122169341,78.04232275649773,0.048211502632229813,727.2094070239073,1117.0650601239795,188.23232201746578,0.0,10446.574864343758,2002.6805126368745,4541.6467841282465,5064.008404243417,0.0,5548.314738317389,reliability_2x,10446.574864343758,0.2822935783338063,False
364,0.47735639190528306,0.758346230400198,0.6757777999755885,0.3229495566397657,0.003551463851705047,164.24345271590462,280.85362489853713,72.96140775675282,0.035963685707592306,488.9358163659308,744.2486222750849,131.8480439595951,0.0,655.5362339293315,260.3992383429686,401.9473017020646,1963.9819001220385,0.0,2484.5597749792505,straggler_control,2484.5597749792505,0.09325572062898141,True
365,0.6988777896920159,0.943479727439123,0.8361628381834211,0.03929940656979153,0.0036167232166405554,187.6307540621189,270.5129712886951,62.87884169064946,0.005265719205319436,325.93166842815117,492.8830796184302,73.45163462262644,0.0,647.153092693392,298.55992207198506,376.6141134890713,1713.7894752268367,0.0,0.0,fast_checkpoint,1713.7894752268367,0.09120572201536281,True
366,0.5307978310059503,0.8658799547913956,0.8104451177728986,0.26480962474693975,0.01259565308868193,202.50891554786597,499.93658668004537,20.94358843868756,0.018530377460442816,381.6373996445727,578.2878460537759,89.94480278085757,0.0,7298.6134417782705,1260.16189885134,3420.004006504405,1632.5251062429343,0.0,955.1924305328394,reliability_2x,7298.6134417782705,0.22871716409909434,True
367,0.552149034917161,0.7477533664770598,0.6998667138595951,0.2361384244972825,0.008181374593542814,138.34663167291032,319.33060649745556,66.81527870647376,0.006934108645475673,580.0740012412789,886.0939593450239,153.2682009725395,0.0,3678.260165506901,520.8922401066338,1187.0167117729834,3286.8799480428206,0.0,0.0,reliability_2x,3678.260165506901,0.16468886296236054,True
368,0.6680372126149915,0.8277110275799721,0.6649995369865597,0.21288621054241905,0.0033026527266092716,219.464058541857,453.9079766398113,56.13401467693044,0.04345541908098986,629.8333373404748,963.3185774402955,170.04743967944523,0.0,562.5646035669779,336.4439182765236,676.5287720593587,1577.272562246926,0.0,3294.5965662784765,straggler_control,3294.5965662784765,0.09807239779047669,True
369,0.6516736651145735,0.801168472165914,0.7175758015340471,0.2782909265936785,0.0019168544580737037,50.14819419110578,844.7958406848235,11.02021474221252,0.04096049867941394,525.5660582560995,801.370223788268,137.33578873360602,0.0,0.0,27.58303097105818,746.7821648528552,219.50407023130538,0.0,2823.0020731228797,straggler_control,2823.0020731228797,0.05502202306294282,True
370,0.6438766044241452,0.8982795179341181,0.7694281012494587,0.05594280479361531,0.012344427974158873,207.24746574429406,861.2303776473827,14.345623670529376,0.015568337881041845,542.754898486608,828.8475757953747,134.47472621625639,0.0,11570.97792514048,1282.66221128932,7588.832570645311,1151.3460514535182,0.0,680.5719745834758,reliability_2x,11570.97792514048,0.2819445210132521,False
371,0.4802085834625462,0.7221446822185769,0.7884113668807672,0.04309144072630961,0.005180279746907066,180.01323667730384,647.5934193050582,73.0107985442733,0.029574255481158374,392.8747593867265,595.4111050257306,95.65580106667403,0.0,2355.8154879687863,431.1485572486963,1700.013706972837,2649.331079839463,0.0,2014.4691655064817,fast_checkpoint,2649.331079839463,0.16080160390550455,True
372,0.6645250917000008,0.7571767135799004,0.7805057497637492,0.19810534665147536,0.0028859097090670662,71.42834239841343,250.10546959622678,85.78958936498708,0.0020618660541987634,467.77480620961796,711.3119075012546,114.81212898508238,0.0,227.05614321982284,72.99220168665488,272.8133958559956,1889.73319373103,0.0,0.0,fast_checkpoint,1889.73319373103,0.07745516714062367,True
373,0.5751323208534432,0.7842666350540541,0.89686551698453,0.11358219786320305,0.005854704875992529,385.0694122856915,432.0962343043906,63.20386894362606,0.0017805587076245356,272.3329600484831,411.75586732585725,51.23896194835106,0.0,2796.907318122645,1134.4900900186512,1157.8503676235669,2513.7061254116124,0.0,0.0,reliability_2x,2796.907318122645,0.1694463302833918,True
374,0.5218386228524808,0.8113677081571088,0.781038672603101,0.16333455880386316,0.005704648922802718,179.41768640182522,417.28880054073664,83.91155607379181,0.02182513514930244,390.6582406127163,591.9728303536431,96.05718424961015,0.0,2454.0780571245086,477.7616330472192,1110.5944320764502,3066.2467682629067,0.0,1185.6200500767482,fast_checkpoint,3066.2467682629067,0.15245713641957054,True
375,0.5343799836328058,0.7354683765219798,0.6042832211424755,0.17656029307414717,0.004472881490963821,331.87641019589125,785.1782595159668,9.536836624402195,0.038284949014098485,683.3687265128137,1047.1496788890327,189.9546745007574,0.0,1456.1258356830403,715.6247907351972,1765.6213687395139,295.45555947908724,0.0,2922.692108872441,straggler_control,2922.692108872441,0.12836932197183812,True
376,0.4964685047011369,0.8715033856367074,0.9251369429128982,0.23009063309484265,0.012134685281619515,217.0788648394221,160.75311975148716,80.44633246505126,0.044406944137780756,199.88594547807588,301.58392379791985,32.24369101663979,0.0,6502.988095097131,1387.3681334016692,681.2839333559095,5117.147463192432,0.0,3944.131467007279,reliability_2x,6502.988095097131,0.20981261206741345,True
377,0.677104292017652,0.912201974052532,0.6694306052922738,0.044354065392966095,0.010719282877185113,93.16663620877719,101.82240948095203,31.382309602031796,0.013973899066971024,571.2683689374971,872.2419651437049,154.1996847160517,0.0,2565.773126955566,405.7180597430779,229.61917122484738,1867.7036771459098,0.0,377.19678053238385,reliability_2x,2565.773126955566,0.11244768447170173,True
378,0.5466639311998193,0.7100723719006562,0.6076938471480238,0.24795489813462457,0.007772948782831903,383.89587700110894,315.94146206483975,12.757135569720418,0.03408814136210531,744.3587173656779,1142.8500179533185,206.00217104878539,0.0,2985.471300289737,1555.683489903604,1064.657447250709,641.0560581206046,0.0,2561.2803320232233,reliability_2x,2985.471300289737,0.1485945578898312,True
379,0.5867352312715179,0.818024537936577,0.8560240375469798,0.3221298023438646,0.002081472960703302,114.01714176769946,728.948531223188,79.72047713232482,0.042983510011527185,301.6907774489373,456.1346554328775,65.00387132375181,0.0,0.0,95.30736103381423,701.0445626053079,1516.318114800757,0.0,3073.548894903419,straggler_control,3073.548894903419,0.08535208244869145,True
380,0.6132749003853991,0.8312898035124864,0.8326572619121648,0.17945145408068763,0.0016663552976378367,123.95686661583436,856.0793848411122,71.2207850452181,0.0059836891728022035,328.7716619158091,497.1964057300611,74.61306967636483,0.0,0.0,82.90138980878692,654.9391398559237,1217.2331587533918,0.0,0.0,fast_checkpoint,1217.2331587533918,0.07554961816795254,True
381,0.6496116890064932,0.9033932567341493,0.6074869443547269,0.22003026989343777,0.010952322925114727,278.0149821723116,618.5394030242804,77.52604791988882,0.00021630219797968422,879.6122283990553,1357.3179541348836,241.51740618966505,0.0,13538.94743220698,1804.8811526723912,4560.196738322382,6042.015766047665,0.0,0.0,reliability_2x,13538.94743220698,0.2886785222642971,False
382,0.5201574124949673,0.8083927826035381,0.6348422639224136,0.2776797816611002,0.009600754748895289,136.01470719577955,135.7118036463178,46.810152918521105,0.019117397854878357,577.9871317786346,882.7256782822005,159.060027714655,0.0,3073.4044680462794,595.751100495927,384.6564720691713,2589.7856855130376,0.0,903.8597626764895,reliability_2x,3073.4044680462794,0.13384093081737763,True
383,0.5951047193200127,0.7280882802915418,0.776246680019706,0.020873663363513095,0.009946470255659886,190.95486982742554,840.3370528159325,33.82088519545134,0.0004943285427584043,567.8693679473254,867.6748874949008,139.40851724165623,0.0,8406.379082017684,933.5848358971707,5427.002699217261,2418.7992738571047,0.0,0.0,reliability_2x,8406.379082017684,0.2575874184247677,False
384,0.5483401607017303,0.9004389629124288,0.7998128615696496,0.15086265699367005,0.004981130539905355,173.54006174926482,606.5432800180062,48.04657947094071,0.024798864698382102,340.7074883440546,515.3324435781178,81.81037716880383,0.0,1827.1634656264541,387.2521868494914,1463.4321525660125,1797.234959939753,0.0,1454.950673993022,reliability_2x,1827.1634656264541,0.13864625171366973,True
385,0.5357548155190798,0.8050438028125153,0.8301772010214339,0.23836382726692287,0.002523371969980072,223.03580675506817,620.4902626502151,15.305216241875653,0.025498900569709534,303.60805963967505,459.05723587144894,69.32566330741611,0.0,13.496341998477874,244.06966686564192,690.362523653188,391.1171846094403,0.0,1380.1369880797647,straggler_control,1380.1369880797647,0.06964066940818357,True
386,0.6410078361589957,0.765832743652002,0.6944258591417908,0.12482738349293317,0.012276708219771582,176.51606785886105,246.12108281887456,36.84172561309508,0.021601338609418055,673.6225027906803,1032.1245565891222,177.9400823159267,0.0,5298.712898245896,1073.2317858970964,1291.6359303260251,2641.8753528758753,0.0,1246.9359302382654,reliability_2x,5298.712898245896,0.18428226737163442,True
387,0.59244005895697,0.7490740530296696,0.7762469550597568,0.24363745643487447,0.01249219133474012,37.22297223813263,570.0624325492824,37.91727422005542,0.009171613175998456,542.7242525273068,828.4988711108927,133.42942652231432,0.0,7497.486932778065,113.90359045255173,4242.090327550584,2913.6509065741084,0.0,0.0,reliability_2x,7497.486932778065,0.2277427325099989,True
388,0.5220526096841037,0.8023263034873345,0.9194710943867879,0.08217073468848585,0.007977837614180241,63.72168361776412,349.27846504356404,72.56390572634851,0.00888536356212365,211.0555200961826,318.5545936938797,35.34107713675621,0.0,3291.7312904462888,178.13101814893162,1251.5608198539994,3267.5121715942405,0.0,0.0,reliability_2x,3291.7312904462888,0.15833850730563684,True
389,0.5188862267471683,0.7558076863654228,0.7781309243329493,0.02845816976478816,0.003714839693872998,238.48810101747344,870.9313171318066,17.883585613511805,0.017828671005045732,391.768592500408,593.6817099398031,96.67154165135071,0.0,911.853497172895,397.60407087898056,1575.7640158637842,607.0415973355484,0.0,739.0288854011742,fast_restart,1575.7640158637842,0.11723371482574357,True
390,0.5369258614368373,0.7516042025390135,0.6471095053888081,0.030334138174362864,0.00624135821809638,379.96757650300435,443.26157836778646,47.132006172012915,0.036963512775096456,635.7502948493893,972.9115706358571,173.32838544002516,0.0,3081.5526746028117,1243.5574980142592,1330.0060095147273,2164.96403795635,0.0,2944.5618762548656,reliability_2x,3081.5526746028117,0.1685252435571181,True
391,0.49200595171749556,0.8567955107987327,0.7415101757967139,0.10825120150536899,0.010814738517058883,287.90389289693246,772.07408536826,6.788172044295621,0.044597262306701344,457.33719129360543,695.5045830275449,117.14266534861235,0.0,7551.368099070714,1590.966823312232,5087.569350621965,231.05582441323713,0.0,4362.913083795407,reliability_2x,7551.368099070714,0.24208370776810376,True
392,0.6101785004060842,0.8208971404216012,0.8811287921358708,0.07564253169133948,0.0016668910357470904,94.05107947917075,696.3888169189914,22.520262347346126,0.021679013024987828,256.0838101526133,387.05356117730116,51.27027713023199,0.0,0.0,57.47667608318807,505.8534569992771,461.51616010701764,0.0,1002.8368157668374,straggler_control,1002.8368157668374,0.05162965680972577,True
393,0.6748927737433037,0.9247022800321215,0.7968999998687941,0.23418801048616353,0.006345736119640132,58.47845843102214,537.5878512021251,19.30773602867385,0.019871564811165945,400.03254289315737,606.4139957704683,96.21406911474696,0.0,1917.481926038483,119.39221674004511,1611.1972677866688,878.5549595422635,0.0,941.6508951843753,reliability_2x,1917.481926038483,0.12087659502923015,True
394,0.5605236509160071,0.9427427592333246,0.7760627173349713,0.15115666975847264,0.009364039634462187,67.59282375759038,831.4973152141987,80.02845732560284,0.04329227191001417,441.5733886049238,670.9951007435993,108.99566618421522,0.0,8794.259547593814,248.31243892770726,5299.093455567148,5004.059693782823,0.0,4370.765985954167,reliability_2x,8794.259547593814,0.2611020376035773,False
395,0.6735037447789817,0.8038923980605936,0.7636556384970307,0.0005676070601501104,0.0021570789301510176,86.71641511248139,688.2445620557055,53.769039990185625,0.04711494383652462,465.301218925335,707.4731626508947,116.5393972948441,0.0,0.0,70.03458455973305,681.8100819803367,1157.3849168893867,0.0,3468.3691108888997,straggler_control,3468.3691108888997,0.07594547948503887,True
396,0.5695427021098232,0.9300801013316279,0.8069554058239643,0.1680637377400906,0.003961153100138616,283.17966117622,320.87794916150943,21.01932245569509,0.013431920998869501,310.2921830966843,469.1906973957339,73.79545945936843,0.0,721.0256037452345,509.6236352981032,505.06491058438405,709.3110263473609,0.0,308.00666456245744,reliability_2x,721.0256037452345,0.08555336366516042,True
397,0.6181900173866709,0.8149911387184279,0.7932433226234762,0.29279202296282386,0.011557250629008588,83.58316347686662,144.56738270268247,20.815538367063652,0.04263465874269583,421.22339252472375,639.1130930448926,101.78151752414487,0.0,2594.5529357144405,373.20088510685673,499.2330942081171,1303.7685056417722,0.0,3214.2353286680955,straggler_control,3214.2353286680955,0.11359579203190358,True
398,0.5921170340814776,0.8610657578842948,0.8264885676284237,0.2810739331843312,0.008439967776444136,349.73694970783316,776.0795521696178,57.73592000408892,0.04800675200608548,425.0397510837429,645.350070169934,97.19947148048959,0.0,7872.610722819187,1633.2659331432333,4053.62604187513,3539.848563335887,0.0,5016.428527082968,reliability_2x,7872.610722819187,0.25916501686169047,False
399,0.5100000603419494,0.9352384955013051,0.6171850214214857,0.13143233840130772,0.001619826359194589,53.8899030191981,893.4692902153255,59.42295049904767,0.011158561815357055,463.1081522915738,704.0938182890241,129.0990153599014,0.0,0.0,26.595932405238273,677.5067323676994,1065.847928275114,0.0,103.42347396250989,fast_checkpoint,1065.847928275114,0.0695110993127138,True
